Date,Value
2019-09-10,2170.21917808
2019-09-09,1629.98305085
2019-09-08,2096.19333333
2019-09-07,2313.48734177
2019-09-06,2135.81818182
2019-09-05,2387.80147059
2019-09-04,2259.94512195
2019-09-03,2196.29530201
2019-09-02,1996.27972028
2019-09-01,2061.41566265
2019-08-31,2182.5
2019-08-30,2101.41818182
2019-08-29,2259.60264901
2019-08-28,2414.6962963
2019-08-27,2322.76642336
2019-08-26,1864.09032258
2019-08-25,1903.00625
2019-08-24,2223.66013072
2019-08-23,2286.90070922
2019-08-22,2270.64705882
2019-08-21,2178.45751634
2019-08-20,2027.44171779
2019-08-19,2193.37301587
2019-08-18,2252.0
2019-08-17,2201.53061224
2019-08-16,2265.24840764
2019-08-15,2368.40131579
2019-08-14,2361.44585987
2019-08-13,2236.43609023
2019-08-12,1786.14379085
2019-08-11,2014.1589404
2019-08-10,2320.57823129
2019-08-09,2367.47183099
2019-08-08,2424.24183007
2019-08-07,2287.8757764
2019-08-06,2371.58041958
2019-08-05,1789.25149701
2019-08-04,1893.57225434
2019-08-03,2068.37869822
2019-08-02,2365.79577465
2019-08-01,2113.08187135
2019-07-31,2312.5
2019-07-30,1985.82738095
2019-07-29,1559.85142857
2019-07-28,1867.71052632
2019-07-27,1925.37349398
2019-07-26,2243.57333333
2019-07-25,2126.53956835
2019-07-24,2240.22377622
2019-07-23,2021.51265823
2019-07-22,1905.59731544
2019-07-21,1824.8700565
2019-07-20,2541.44915254
2019-07-19,2609.46280992
2019-07-18,2442.79699248
2019-07-17,2242.82098765
2019-07-16,2391.17123288
2019-07-15,2091.63448276
2019-07-14,2159.89361702
2019-07-13,2200.60365854
2019-07-12,2525.39534884
2019-07-11,2447.00775194
2019-07-10,2373.94805195
2019-07-09,2129.02247191
2019-07-08,2047.53594771
2019-07-07,1958.84269663
2019-07-06,2002.3968254
2019-07-05,2219.78443114
2019-07-04,2311.36046512
2019-07-03,2363.34810127
2019-07-02,2355.67832168
2019-07-01,2175.86184211
2019-06-30,2049.89655172
2019-06-29,2497.50920245
2019-06-28,2542.6056338
2019-06-27,2421.96363636
2019-06-26,2475.23972603
2019-06-25,2194.02259887
2019-06-24,2099.93370166
2019-06-23,2511.17021277
2019-06-22,2539.40601504
2019-06-21,2292.38194444
2019-06-20,2265.71751412
2019-06-19,2422.34969325
2019-06-18,2414.07518797
2019-06-17,2271.18461538
2019-06-16,2266.80821918
2019-06-15,2156.11242604
2019-06-14,2413.06622517
2019-06-13,2507.35877863
2019-06-12,2380.76223776
2019-06-11,2252.41401274
2019-06-10,2047.05442177
2019-06-09,2373.94354839
2019-06-08,2215.25949367
2019-06-07,2321.82165605
2019-06-06,2330.925
2019-06-05,2433.52597403
2019-06-04,2470.66386555
2019-06-03,2297.73282443
2019-06-02,2199.28476821
2019-06-01,2555.52991453
2019-05-31,2355.4625
2019-05-30,2328.47701149
2019-05-29,2380.65243902
2019-05-28,2392.71856287
2019-05-27,2267.1030303
2019-05-26,2417.12857143
2019-05-25,2443.67320261
2019-05-24,2464.19620253
2019-05-23,2364.59281437
2019-05-22,2489.47058824
2019-05-21,2370.07453416
2019-05-20,2127.96932515
2019-05-19,2351.00653595
2019-05-18,2395.05960265
2019-05-17,2568.91780822
2019-05-16,2475.84563758
2019-05-15,2416.90789474
2019-05-14,2337.89221557
2019-05-13,2142.85443038
2019-05-12,2653.51538462
2019-05-11,2583.704
2019-05-10,2410.46
2019-05-09,2586.05921053
2019-05-08,2597.97637795
2019-05-07,2506.46357616
2019-05-06,2563.81395349
2019-05-05,2696.28787879
2019-05-04,2519.94736842
2019-05-03,2460.0326087
2019-05-02,2570.4619883
2019-05-01,2474.9
2019-04-30,2228.26380368
2019-04-29,2351.47852761
2019-04-28,2620.49635036
2019-04-27,2524.56291391
2019-04-26,2685.93706294
2019-04-25,2480.2392638
2019-04-24,2687.52586207
2019-04-23,2552.34328358
2019-04-22,2411.94444444
2019-04-21,2441.52671756
2019-04-20,2382.42105263
2019-04-19,2570.34228188
2019-04-18,2541.57246377
2019-04-17,2472.53103448
2019-04-16,2630.84827586
2019-04-15,2762.54098361
2019-04-14,2719.08148148
2019-04-13,2495.14569536
2019-04-12,2565.61783439
2019-04-11,2679.06081081
2019-04-10,2621.75
2019-04-09,2516.33108108
2019-04-08,2486.74468085
2019-04-07,2586.82733813
2019-04-06,2449.93670886
2019-04-05,2533.28571429
2019-04-04,2536.97183099
2019-04-03,2557.36942675
2019-04-02,2712.52941176
2019-04-01,2745.69784173
2019-03-31,2717.86330935
2019-03-30,2515.76190476
2019-03-29,2696.56164384
2019-03-28,2571.71812081
2019-03-27,2734.44029851
2019-03-26,2176.96621622
2019-03-25,1507.77333333
2019-03-24,1734.9862069
2019-03-23,1854.1863354
2019-03-22,2102.88111888
2019-03-21,1894.16149068
2019-03-20,1751.40229885
2019-03-19,1810.59006211
2019-03-18,1556.78082192
2019-03-17,1609.0
2019-03-16,1940.98039216
2019-03-15,1935.02580645
2019-03-14,2118.2
2019-03-13,1997.57342657
2019-03-12,2075.64084507
2019-03-11,1565.27205882
2019-03-10,1735.44927536
2019-03-09,1953.8630137
2019-03-08,1989.59859155
2019-03-07,2170.8046875
2019-03-06,1917.55704698
2019-03-05,2220.35036496
2019-03-04,2422.48630137
2019-03-03,2544.42424242
2019-03-02,2187.79012346
2019-03-01,2452.18
2019-02-28,2443.68794326
2019-02-27,2276.81987578
2019-02-26,2354.08391608
2019-02-25,2339.02189781
2019-02-24,2295.37762238
2019-02-23,2162.38271605
2019-02-22,2500.79831933
2019-02-21,2417.84615385
2019-02-20,2232.32051282
2019-02-19,2221.12258065
2019-02-18,2059.51572327
2019-02-17,2214.24666667
2019-02-16,2336.4488189
2019-02-15,2514.06382979
2019-02-14,2304.90849673
2019-02-13,2121.6640625
2019-02-12,2177.4137931
2019-02-11,2140.06428571
2019-02-10,2072.61333333
2019-02-09,2056.93251534
2019-02-08,2029.0
2019-02-07,2131.68292683
2019-02-06,2408.63265306
2019-02-05,2280.8707483
2019-02-04,2175.15217391
2019-02-03,2236.33333333
2019-02-02,2147.7278481
2019-02-01,2283.51612903
2019-01-31,2367.5
2019-01-30,2233.98630137
2019-01-29,2124.56551724
2019-01-28,2019.35036496
2019-01-27,1921.9
2019-01-26,2181.77536232
2019-01-25,1902.13580247
2019-01-24,2010.23287671
2019-01-23,2277.23076923
2019-01-22,2101.34666667
2019-01-21,1873.36305732
2019-01-20,2121.71428571
2019-01-19,2217.13768116
2019-01-18,2336.18110236
2019-01-17,2298.5112782
2019-01-16,2289.99242424
2019-01-15,2192.51677852
2019-01-14,2021.87591241
2019-01-13,2039.86956522
2019-01-12,2083.59459459
2019-01-11,2098.32051282
2019-01-10,1945.46341463
2019-01-09,1884.75739645
2019-01-08,2019.73049645
2019-01-07,1833.4893617
2019-01-06,1626.94478528
2019-01-05,1891.08724832
2019-01-04,1877.52258065
2019-01-03,1799.31125828
2019-01-02,1575.33557047
2019-01-01,1675.38064516
2018-12-31,1520.67613636
2018-12-30,1920.14492754
2018-12-29,1845.91017964
2018-12-28,1724.25287356
2018-12-27,1791.75159236
2018-12-26,1666.99371069
2018-12-25,1791.42763158
2018-12-24,1424.65340909
2018-12-23,1435.52
2018-12-22,2004.2
2018-12-21,2127.94814815
2018-12-20,2029.47651007
2018-12-19,2080.0390625
2018-12-18,1867.64375
2018-12-17,1969.15652174
2018-12-16,1764.2885906
2018-12-15,1889.04794521
2018-12-14,2049.02290076
2018-12-13,2178.525
2018-12-12,2011.896
2018-12-11,2083.49193548
2018-12-10,1863.8203125
2018-12-09,1819.71653543
2018-12-08,2227.10526316
2018-12-07,2071.51111111
2018-12-06,1973.08461538
2018-12-05,1957.89130435
2018-12-04,2110.98245614
2018-12-03,1953.27192982
2018-12-02,1950.37903226
2018-12-01,2476.8019802
2018-11-30,2345.00952381
2018-11-29,2156.40677966
2018-11-28,2049.87022901
2018-11-27,2315.87387387
2018-11-26,1883.90551181
2018-11-25,1748.37062937
2018-11-24,2202.088
2018-11-23,2181.27868852
2018-11-22,2428.01904762
2018-11-21,2185.22727273
2018-11-20,2126.75396825
2018-11-19,1949.61788618
2018-11-18,1811.37241379
2018-11-17,2247.01587302
2018-11-16,2295.47244094
2018-11-15,2168.55555556
2018-11-14,2326.33333333
2018-11-13,2142.9
2018-11-12,1691.71917808
2018-11-11,1927.47328244
2018-11-10,2235.4015748
2018-11-09,2294.19008264
2018-11-08,2259.49230769
2018-11-07,2230.0859375
2018-11-06,2057.52083333
2018-11-05,1839.40650407
2018-11-04,1550.08695652
2018-11-03,2046.88111888
2018-11-02,1830.78571429
2018-11-01,1768.60736196
2018-10-31,1839.78571429
2018-10-30,1847.63013699
2018-10-29,1570.42857143
2018-10-28,1718.74264706
2018-10-27,1769.24475524
2018-10-26,1858.38686131
2018-10-25,2248.59292035
2018-10-24,1645.86363636
2018-10-23,1647.2516129
2018-10-22,1532.64492754
2018-10-21,1593.15384615
2018-10-20,1787.50704225
2018-10-19,1836.5942029
2018-10-18,1886.68115942
2018-10-17,1910.86666667
2018-10-16,1647.80864198
2018-10-15,1677.71052632
2018-10-14,1454.58865248
2018-10-13,1842.22727273
2018-10-12,1650.73584906
2018-10-11,1701.00694444
2018-10-10,1814.32307692
2018-10-09,1837.34074074
2018-10-08,1547.40140845
2018-10-07,1718.744
2018-10-06,1882.45384615
2018-10-05,1621.04666667
2018-10-04,1671.05517241
2018-10-03,1786.65693431
2018-10-02,1536.83544304
2018-10-01,1277.36196319
2018-09-30,1436.44078947
2018-09-29,1650.9025974
2018-09-28,1739.06293706
2018-09-27,1754.8705036
2018-09-26,1491.79289941
2018-09-25,1605.87837838
2018-09-24,1335.46
2018-09-23,1455.07741935
2018-09-22,1896.1875
2018-09-21,1647.23376623
2018-09-20,1609.21153846
2018-09-19,1720.13380282
2018-09-18,1778.9037037
2018-09-17,1291.24460432
2018-09-16,1507.65
2018-09-15,1691.28787879
2018-09-14,1582.49324324
2018-09-13,1388.54166667
2018-09-12,1684.90070922
2018-09-11,1650.85925926
2018-09-10,1158.96932515
2018-09-09,1362.85333333
2018-09-08,1518.35526316
2018-09-07,1681.74
2018-09-06,1867.25
2018-09-05,1843.37301587
2018-09-04,1547.89583333
2018-09-03,1299.61805556
2018-09-02,1412.78807947
2018-09-01,1529.52258065
2018-08-31,1502.53896104
2018-08-30,1708.69064748
2018-08-29,1555.81045752
2018-08-28,1208.95135135
2018-08-27,998.537572254
2018-08-26,1454.96296296
2018-08-25,1505.80821918
2018-08-24,1458.73825503
2018-08-23,1439.58125
2018-08-22,1471.46621622
2018-08-21,1433.22
2018-08-20,1154.48275862
2018-08-19,1193.34375
2018-08-18,1538.11842105
2018-08-17,1470.47468354
2018-08-16,1528.36024845
2018-08-15,1820.75
2018-08-14,1481.52666667
2018-08-13,1064.8
2018-08-12,1131.98823529
2018-08-11,1284.93181818
2018-08-10,1492.12080537
2018-08-09,1498.79617834
2018-08-08,1543.34437086
2018-08-07,1668.75572519
2018-08-06,1076.13125
2018-08-05,1088.96022727
2018-08-04,1384.69277108
2018-08-03,1469.75816993
2018-08-02,1606.96
2018-08-01,1652.9047619
2018-07-31,1723.31343284
2018-07-30,990.629411765
2018-07-29,1298.19310345
2018-07-28,1373.63473054
2018-07-27,1404.11515152
2018-07-26,1413.60451977
2018-07-25,1631.18238994
2018-07-24,1382.40963855
2018-07-23,918.291208791
2018-07-22,1348.9270073
2018-07-21,1464.47402597
2018-07-20,1316.01754386
2018-07-19,1372.23563218
2018-07-18,1471.48427673
2018-07-17,1732.01666667
2018-07-16,1211.66165414
2018-07-15,1326.87969925
2018-07-14,1453.87412587
2018-07-13,1443.5106383
2018-07-12,1500.76296296
2018-07-11,1450.08724832
2018-07-10,1518.72058824
2018-07-09,985.348101266
2018-07-08,1090.76923077
2018-07-07,1256.20625
2018-07-06,1456.93430657
2018-07-05,1543.19402985
2018-07-04,1868.50862069
2018-07-03,1413.43262411
2018-07-02,1062.9047619
2018-07-01,1284.14893617
2018-06-30,1310.47019868
2018-06-29,1195.05732484
2018-06-28,1557.9338843
2018-06-27,1338.38356164
2018-06-26,1274.98726115
2018-06-25,924.105263158
2018-06-24,1020.59375
2018-06-23,1351.94701987
2018-06-22,1165.37058824
2018-06-21,1283.15483871
2018-06-20,1237.4516129
2018-06-19,1196.98170732
2018-06-18,922.98089172
2018-06-17,958.373493976
2018-06-16,1345.49673203
2018-06-15,1372.73856209
2018-06-14,1481.32167832
2018-06-13,1479.96551724
2018-06-12,1522.82857143
2018-06-11,1415.81889764
2018-06-10,1197.94405594
2018-06-09,1381.92413793
2018-06-08,1451.93706294
2018-06-07,1404.19727891
2018-06-06,1216.57714286
2018-06-05,1147.08196721
2018-06-04,1002.71779141
2018-06-03,1148.00657895
2018-06-02,1237.8373494
2018-06-01,1232.50588235
2018-05-31,1172.85632184
2018-05-30,1473.15827338
2018-05-29,1211.94230769
2018-05-28,879.902439024
2018-05-27,980.141975309
2018-05-26,1114.66477273
2018-05-25,1446.32867133
2018-05-24,1377.75308642
2018-05-23,1346.60264901
2018-05-22,1290.74522293
2018-05-21,1101.82638889
2018-05-20,1125.15584416
2018-05-19,1429.02702703
2018-05-18,1459.71969697
2018-05-17,1164.59776536
2018-05-16,1471.0890411
2018-05-15,1588.61363636
2018-05-14,1072.93243243
2018-05-13,1103.35757576
2018-05-12,1682.07874016
2018-05-11,1356.88961039
2018-05-10,1291.11875
2018-05-09,1566.97841727
2018-05-08,1367.08666667
2018-05-07,1253.72992701
2018-05-06,1259.02484472
2018-05-05,1587.45652174
2018-05-04,1513.38410596
2018-05-03,1516.4
2018-05-02,1265.56329114
2018-05-01,1387.78709677
2018-04-30,1144.29113924
2018-04-29,1591.2578125
2018-04-28,1486.75352113
2018-04-27,1537.10638298
2018-04-26,1732.96747967
2018-04-25,1600.58490566
2018-04-24,1479.43137255
2018-04-23,1074.1875
2018-04-22,1219.96855346
2018-04-21,1516.62043796
2018-04-20,1199.56741573
2018-04-19,1254.625
2018-04-18,1245.80246914
2018-04-17,1390.82269504
2018-04-16,1067.67484663
2018-04-15,1181.33576642
2018-04-14,1316.86060606
2018-04-13,1369.34415584
2018-04-12,1138.1863354
2018-04-11,1136.67682927
2018-04-10,1201.10884354
2018-04-09,860.465838509
2018-04-08,859.105555556
2018-04-07,1252.81884058
2018-04-06,1165.58974359
2018-04-05,1263.33333333
2018-04-04,1220.36196319
2018-04-03,1078.06410256
2018-04-02,834.12962963
2018-04-01,1161.0703125
2018-03-31,1147.77777778
2018-03-30,1265.86184211
2018-03-29,1314.97037037
2018-03-28,1230.69078947
2018-03-27,1252.33333333
2018-03-26,1002.02962963
2018-03-25,1006.96794872
2018-03-24,1352.01503759
2018-03-23,1295.01398601
2018-03-22,1281.88157895
2018-03-21,1536.75590551
2018-03-20,1235.66451613
2018-03-19,1088.74834437
2018-03-18,1036.88590604
2018-03-17,1198.58333333
2018-03-16,1431.84722222
2018-03-15,1326.68055556
2018-03-14,1241.39240506
2018-03-13,1170.14906832
2018-03-12,986.169934641
2018-03-11,1115.91428571
2018-03-10,1357.39726027
2018-03-09,1212.48148148
2018-03-08,1362.91719745
2018-03-07,1320.61538462
2018-03-06,1351.93288591
2018-03-05,1082.64189189
2018-03-04,983.466666667
2018-03-03,1250.46794872
2018-03-02,1416.63030303
2018-03-01,1220.79354839
2018-02-28,1372.65
2018-02-27,1322.5106383
2018-02-26,847.187134503
2018-02-25,1065.75172414
2018-02-24,1251.30405405
2018-02-23,1229.76510067
2018-02-22,1214.20710059
2018-02-21,1407.4822695
2018-02-20,1156.58641975
2018-02-19,984.537037037
2018-02-18,1166.36912752
2018-02-17,1195.78343949
2018-02-16,1512.84732824
2018-02-15,1097.30167598
2018-02-14,1115.75609756
2018-02-13,1126.01204819
2018-02-12,974.887417219
2018-02-11,1271.20979021
2018-02-10,1317.48148148
2018-02-09,1322.81679389
2018-02-08,1515.73758865
2018-02-07,1436.0
2018-02-06,1169.52972973
2018-02-05,975.769662921
2018-02-04,1233.48734177
2018-02-03,1404.27380952
2018-02-02,1610.4
2018-02-01,1745.94871795
2018-01-31,1416.82035928
2018-01-30,1568.75675676
2018-01-29,1350.92405063
2018-01-28,1232.98089172
2018-01-27,1422.31612903
2018-01-26,1497.34177215
2018-01-25,1422.85795455
2018-01-24,1536.36158192
2018-01-23,1470.43113772
2018-01-22,1153.05882353
2018-01-21,1351.74719101
2018-01-20,1476.47878788
2018-01-19,1788.98843931
2018-01-18,1890.84431138
2018-01-17,1910.22012579
2018-01-16,1824.15333333
2018-01-15,1516.41935484
2018-01-14,1783.45637584
2018-01-13,1685.90449438
2018-01-12,1751.08290155
2018-01-11,2092.72891566
2018-01-10,2196.73780488
2018-01-09,2082.36144578
2018-01-08,2272.75925926
2018-01-07,2135.99404762
2018-01-06,2396.55244755
2018-01-05,2529.80952381
2018-01-04,2522.05732484
2018-01-03,1994.03508772
2018-01-02,1549.72435897
2018-01-01,1781.73006135
2017-12-31,2342.9047619
2017-12-30,2144.38787879
2017-12-29,2047.33557047
2017-12-28,1972.06410256
2017-12-27,1742.53521127
2017-12-26,1695.74814815
2017-12-25,1838.96710526
2017-12-24,2217.34532374
2017-12-23,2455.79354839
2017-12-22,2541.53030303
2017-12-21,2722.625
2017-12-20,2704.44285714
2017-12-19,2166.14835165
2017-12-18,2118.43243243
2017-12-17,2129.95321637
2017-12-16,2400.44970414
2017-12-15,2652.12972973
2017-12-14,2282.6827957
2017-12-13,2390.87820513
2017-12-12,2155.54385965
2017-12-11,2081.82926829
2017-12-10,2318.38505747
2017-12-09,2468.53846154
2017-12-08,2465.86092715
2017-12-07,2359.50531915
2017-12-06,2279.26404494
2017-12-05,2213.73480663
2017-12-04,2005.93181818
2017-12-03,2027.04347826
2017-12-02,2256.32786885
2017-12-01,2301.71257485
2017-11-30,2301.0982659
2017-11-29,2346.00641026
2017-11-28,2230.91764706
2017-11-27,2154.75163399
2017-11-26,2158.26282051
2017-11-25,2051.91275168
2017-11-24,2243.3566879
2017-11-23,2087.06504065
2017-11-22,2145.03468208
2017-11-21,1921.16571429
2017-11-20,1655.34375
2017-11-19,1991.72058824
2017-11-18,1836.02994012
2017-11-17,2042.07894737
2017-11-16,2117.02631579
2017-11-15,2124.9609375
2017-11-14,2209.27857143
2017-11-13,2324.575
2017-11-12,2432.925
2017-11-11,2264.54166667
2017-11-10,2230.59477124
2017-11-09,2092.68055556
2017-11-08,2151.51282051
2017-11-07,2037.81203008
2017-11-06,1785.30496454
2017-11-05,2262.46923077
2017-11-04,2332.75630252
2017-11-03,2276.49333333
2017-11-02,2218.23853211
2017-11-01,2011.12318841
2017-10-31,2150.18367347
2017-10-30,2168.99350649
2017-10-29,2436.07058824
2017-10-28,2372.03846154
2017-10-27,1476.81666667
2017-10-26,1704.94594595
2017-10-25,2079.16167665
2017-10-24,1848.51461988
2017-10-23,1588.63186813
2017-10-22,2040.89542484
2017-10-21,1745.30167598
2017-10-20,2005.53370787
2017-10-19,2182.64238411
2017-10-18,2039.25609756
2017-10-17,1808.76436782
2017-10-16,1453.70769231
2017-10-15,2079.0070922
2017-10-14,2278.08088235
2017-10-13,1916.10457516
2017-10-12,2104.02158273
2017-10-11,1894.38125
2017-10-10,1844.38509317
2017-10-09,1309.80769231
2017-10-08,1463.4556962
2017-10-07,1784.27044025
2017-10-06,2185.944
2017-10-05,1737.50746269
2017-10-04,1541.70491803
2017-10-03,1966.68
2017-10-02,1566.56153846
2017-10-01,1541.14492754
2017-09-30,1505.55029586
2017-09-29,1559.18644068
2017-09-28,1754.83673469
2017-09-27,1910.49275362
2017-09-26,1812.824
2017-09-25,1277.77241379
2017-09-24,1228.07831325
2017-09-23,1637.51798561
2017-09-22,1450.32386364
2017-09-21,2014.72649573
2017-09-20,1813.57051282
2017-09-19,1718.14173228
2017-09-18,1123.19886364
2017-09-17,1350.63313609
2017-09-16,1622.66111111
2017-09-15,1540.62068966
2017-09-14,1385.89473684
2017-09-13,1362.92553191
2017-09-12,1456.85057471
2017-09-11,1400.28985507
2017-09-10,1289.28994083
2017-09-09,1597.07428571
2017-09-08,1456.67045455
2017-09-07,1705.09259259
2017-09-06,1410.9035533
2017-09-05,1538.74285714
2017-09-04,1268.11038961
2017-09-03,1443.9695122
2017-09-02,1630.28735632
2017-09-01,1722.23312883
2017-08-31,1615.86904762
2017-08-30,1886.68456376
2017-08-29,1734.65891473
2017-08-28,1689.61935484
2017-08-27,2157.0
2017-08-26,2061.07920792
2017-08-25,2017.87128713
2017-08-24,1985.74842767
2017-08-23,2205.42696629
2017-08-22,2058.88695652
2017-08-21,1621.93846154
2017-08-20,1767.09933775
2017-08-19,2095.63758389
2017-08-18,1940.32960894
2017-08-17,2114.35384615
2017-08-16,2046.06578947
2017-08-15,1964.32307692
2017-08-14,1779.12162162
2017-08-13,1929.78518519
2017-08-12,1972.22916667
2017-08-11,1925.1119403
2017-08-10,1890.97826087
2017-08-09,1680.32926829
2017-08-08,1627.46405229
2017-08-07,1425.90714286
2017-08-06,1354.63841808
2017-08-05,1317.27374302
2017-08-04,1543.60144928
2017-08-03,1377.11184211
2017-08-02,885.067114094
2017-08-01,1593.1862069
2017-07-31,1252.68707483
2017-07-30,1344.80254777
2017-07-29,1648.04666667
2017-07-28,1463.43506494
2017-07-27,1618.04761905
2017-07-26,1648.89189189
2017-07-25,1348.71910112
2017-07-24,1052.50581395
2017-07-23,1395.9875
2017-07-22,1743.13636364
2017-07-21,1420.98148148
2017-07-20,1703.1409396
2017-07-19,1579.24242424
2017-07-18,1556.18243243
2017-07-17,1246.41104294
2017-07-16,1746.85826772
2017-07-15,1639.58992806
2017-07-14,1566.21019108
2017-07-13,1452.75706215
2017-07-12,1536.17919075
2017-07-11,1277.77664975
2017-07-10,1363.2173913
2017-07-09,1338.39393939
2017-07-08,1646.04054054
2017-07-07,1585.25352113
2017-07-06,1590.65771812
2017-07-05,1669.82352941
2017-07-04,1489.67058824
2017-07-03,1489.67058824
2017-07-02,1045.42021277
2017-07-01,1736.1038961
2017-06-30,1925.45
2017-06-29,1782.23566879
2017-06-28,1982.72519084
2017-06-27,1844.4084507
2017-06-26,1481.30327869
2017-06-25,1555.66438356
2017-06-24,1624.6125
2017-06-23,1940.17985612
2017-06-22,2001.45
2017-06-21,1952.44927536
2017-06-20,1786.58278146
2017-06-19,1443.85517241
2017-06-18,1631.40689655
2017-06-17,1823.89864865
2017-06-16,1915.95424837
2017-06-15,2054.6
2017-06-14,2069.33333333
2017-06-13,1830.59863946
2017-06-12,1526.65753425
2017-06-11,1808.46099291
2017-06-10,1868.76821192
2017-06-09,1862.89090909
2017-06-08,2058.90909091
2017-06-07,1969.64238411
2017-06-06,1767.86585366
2017-06-05,1652.44720497
2017-06-04,1590.20833333
2017-06-03,1859.85616438
2017-06-02,1880.64117647
2017-06-01,1961.18292683
2017-05-31,1943.91620112
2017-05-30,2130.05298013
2017-05-29,1867.53333333
2017-05-28,1975.67857143
2017-05-27,2178.69281046
2017-05-26,2147.93865031
2017-05-25,2198.97402597
2017-05-24,2188.75
2017-05-23,2245.67123288
2017-05-22,2218.07482993
2017-05-21,2138.21212121
2017-05-20,1948.18292683
2017-05-19,2034.53521127
2017-05-18,2048.56129032
2017-05-17,1772.5530303
2017-05-16,1936.64117647
2017-05-15,2250.59756098
2017-05-14,2083.96202532
2017-05-13,2062.97402597
2017-05-12,2183.28148148
2017-05-11,2103.99324324
2017-05-10,2147.60645161
2017-05-09,2028.31111111
2017-05-08,1892.28143713
2017-05-07,2160.8452381
2017-05-06,2071.26356589
2017-05-05,2111.5297619
2017-05-04,2235.97727273
2017-05-03,2108.61392405
2017-05-02,1965.24
2017-05-01,1864.16556291
2017-04-30,1972.94219653
2017-04-29,2244.63970588
2017-04-28,2026.42176871
2017-04-27,2186.08496732
2017-04-26,2198.56081081
2017-04-25,1795.73387097
2017-04-24,1601.5620915
2017-04-23,1853.1862069
2017-04-22,1978.16766467
2017-04-21,1939.74820144
2017-04-20,2168.55944056
2017-04-19,2075.96575342
2017-04-18,1776.69565217
2017-04-17,1450.88356164
2017-04-16,1801.16556291
2017-04-15,2087.82733813
2017-04-14,1800.62204724
2017-04-13,1958.40140845
2017-04-12,1843.67065868
2017-04-11,1861.45945946
2017-04-10,1498.65408805
2017-04-09,1656.6350365
2017-04-08,1823.84567901
2017-04-07,1975.95238095
2017-04-06,1954.04320988
2017-04-05,2048.12
2017-04-04,1637.16477273
2017-04-03,1545.58860759
2017-04-02,1938.41666667
2017-04-01,1921.5037037
2017-03-31,1760.90243902
2017-03-30,2057.47101449
2017-03-29,1896.78064516
2017-03-28,1759.78030303
2017-03-27,1336.8373494
2017-03-26,1826.87969925
2017-03-25,1645.00568182
2017-03-24,1945.07432432
2017-03-23,1992.00621118
2017-03-22,2028.55633803
2017-03-21,2037.00735294
2017-03-20,1633.96987952
2017-03-19,1678.53503185
2017-03-18,1897.37662338
2017-03-17,2137.47712418
2017-03-16,2059.3943662
2017-03-15,1989.71153846
2017-03-14,1883.30344828
2017-03-13,1426.51612903
2017-03-12,1883.76510067
2017-03-11,1977.44871795
2017-03-10,2051.56756757
2017-03-09,2092.30985915
2017-03-08,2143.1503268
2017-03-07,2026.27464789
2017-03-06,1909.78911565
2017-03-05,2006.52985075
2017-03-04,2233.8410596
2017-03-03,2098.26751592
2017-03-02,2193.63194444
2017-03-01,2126.88888889
2017-02-28,1976.07638889
2017-02-27,1489.90449438
2017-02-26,1955.21556886
2017-02-25,2112.95783133
2017-02-24,2172.75333333
2017-02-23,2043.3381295
2017-02-22,2022.39130435
2017-02-21,1910.32432432
2017-02-20,1878.51492537
2017-02-19,1895.71710526
2017-02-18,2117.66225166
2017-02-17,1877.16447368
2017-02-16,2120.76258993
2017-02-15,1864.40236686
2017-02-14,1768.65030675
2017-02-13,1689.23404255
2017-02-12,1889.82733813
2017-02-11,2057.13513514
2017-02-10,2050.55621302
2017-02-09,2111.75342466
2017-02-08,2154.09271523
2017-02-07,1840.216
2017-02-06,1837.11320755
2017-02-05,1974.66206897
2017-02-04,2171.56375839
2017-02-03,1653.24203822
2017-02-02,1825.83333333
2017-02-01,2121.95172414
2017-01-31,1718.00684932
2017-01-30,1446.86826347
2017-01-29,1621.01973684
2017-01-28,1549.01176471
2017-01-27,2024.86624204
2017-01-26,2039.74
2017-01-25,1866.95973154
2017-01-24,1702.82014388
2017-01-23,1361.4137931
2017-01-22,1456.14364641
2017-01-21,1578.71428571
2017-01-20,1727.61494253
2017-01-19,1978.48
2017-01-18,1852.51
2017-01-17,1583.66
2017-01-16,1413.16
2017-01-15,1408.54
2017-01-14,1822.17
2017-01-13,1721.13
2017-01-12,1980.77
2017-01-11,2024.29
2017-01-10,1984.9
2017-01-09,1557.49
2017-01-08,2048.33
2017-01-07,2151.58
2017-01-06,2060.72
2017-01-05,2143.92
2017-01-04,1839.41
2017-01-03,1835.51
2017-01-02,1157.06
2017-01-01,1691.03
2016-12-31,1826.86
2016-12-30,2030.7
2016-12-29,1862.15
2016-12-28,1900.93
2016-12-27,1724.74
2016-12-26,1195.29
2016-12-25,1757.81
2016-12-24,2006.55
2016-12-23,1978.89
2016-12-22,2048.28
2016-12-21,2148.35
2016-12-20,1874.02
2016-12-19,1672.26
2016-12-18,1648.51
2016-12-17,2100.45
2016-12-16,2225.86
2016-12-15,2059.91
2016-12-14,1639.08
2016-12-13,1722.19
2016-12-12,1722.19
2016-12-11,1895.76
2016-12-10,1991.22
2016-12-09,1800.7
2016-12-08,1779.2
2016-12-07,2131.74
2016-12-06,1828.95
2016-12-05,1659.79
2016-12-04,1674.34
2016-12-03,2210.15
2016-12-02,1641.65
2016-12-01,2060.94
2016-11-30,1947.94
2016-11-29,1820.3
2016-11-28,1648.53
2016-11-27,1814.11
2016-11-26,2074.91
2016-11-25,2033.32
2016-11-24,1883.83
2016-11-23,2131.6
2016-11-22,2052.95
2016-11-21,1911.13
2016-11-20,1758.87
2016-11-19,1864.35
2016-11-18,1745.03
2016-11-17,1692.94
2016-11-16,1797.12
2016-11-15,1572.7
2016-11-14,1547.74
2016-11-13,1362.41
2016-11-12,1562.07
2016-11-11,1615.32
2016-11-10,1837.38
2016-11-09,1751.83
2016-11-08,1878.63
2016-11-07,1483.24
2016-11-06,1624.37
2016-11-05,2138.3
2016-11-04,1752.16
2016-11-03,2018.18
2016-11-02,1712.84
2016-11-01,1644.74
2016-10-31,1238.68
2016-10-30,1541.53
2016-10-29,1650.5
2016-10-28,2014.74
2016-10-27,1625.35
2016-10-26,1705.25
2016-10-25,1587.27
2016-10-24,1330.4
2016-10-23,1454.41
2016-10-22,1618.01
2016-10-21,2017.76
2016-10-20,1595.43
2016-10-19,1622.71
2016-10-18,1897.85
2016-10-17,1522.12
2016-10-16,1482.02
2016-10-15,1762.67
2016-10-14,1794.55
2016-10-13,1625.26
2016-10-12,1896.15
2016-10-11,1798.19
2016-10-10,1315.92
2016-10-09,1483.26
2016-10-08,1864.02
2016-10-07,1704.88
2016-10-06,1597.67
2016-10-05,1675.07
2016-10-04,1715.87
2016-10-03,1366.54
2016-10-02,1362.61
2016-10-01,1767.2
2016-09-30,1697.41
2016-09-29,1587.8
2016-09-28,1437.91
2016-09-27,1508.29
2016-09-26,1060.74
2016-09-25,1260.53
2016-09-24,1641.08
2016-09-23,1639.9
2016-09-22,1441.06
2016-09-21,1620.83
2016-09-20,1680.75
2016-09-19,1321.4
2016-09-18,1322.26
2016-09-17,1522.44
2016-09-16,1516.15
2016-09-15,1485.89
2016-09-14,1453.1
2016-09-13,1280.05
2016-09-12,1099.94
2016-09-11,1247.22
2016-09-10,1553.1
2016-09-09,1576.43
2016-09-08,1650.05
2016-09-07,1706.75
2016-09-06,1626.3
2016-09-05,1023.7
2016-09-04,1446.06
2016-09-03,1476.18
2016-09-02,1689.41
2016-09-01,1676.86
2016-08-31,1542.33
2016-08-30,1511.95
2016-08-29,1147.95
2016-08-28,1327.06
2016-08-27,1717.93
2016-08-26,1800.06
2016-08-25,1555.26
2016-08-24,1625.99
2016-08-23,1445.28
2016-08-22,1134.38
2016-08-21,1348.41
2016-08-20,1598.01
2016-08-19,1555.46
2016-08-18,1934.98
2016-08-17,1885.63
2016-08-16,1389.69
2016-08-15,1223.03
2016-08-14,1324.73
2016-08-13,1563.57
2016-08-12,1696.76
2016-08-11,1615.66
2016-08-10,1869.63
2016-08-09,1585.84
2016-08-08,1300.09
2016-08-07,1176.95
2016-08-06,1350.55
2016-08-05,1515.26
2016-08-04,1461.6
2016-08-03,1627.43
2016-08-02,1470.9
2016-08-01,1248.4
2016-07-31,1676.33
2016-07-30,1574.24
2016-07-29,1729.53
2016-07-28,1840.64
2016-07-27,1842.42
2016-07-26,1822.21
2016-07-25,1480.32
2016-07-24,1494.62
2016-07-23,1716.31
2016-07-22,1636.13
2016-07-21,1516.19
2016-07-20,1735.51
2016-07-19,1515.61
2016-07-18,1147.73
2016-07-17,1160.45
2016-07-16,1600.59
2016-07-15,1553.9
2016-07-14,1677.63
2016-07-13,1531.7
2016-07-12,1525.09
2016-07-11,1042.35
2016-07-10,1244.32
2016-07-09,1453.11
2016-07-08,1571.1
2016-07-07,1533.5
2016-07-06,1482.47
2016-07-05,1416.55
2016-07-04,1150.17
2016-07-03,1334.73
2016-07-02,1340.18
2016-07-01,1546.4
2016-06-30,1535.01
2016-06-29,1429.91
2016-06-28,1476.38
2016-06-27,1250.03
2016-06-26,1271.07
2016-06-25,1837.59
2016-06-24,1723.57
2016-06-23,1826.67
2016-06-22,1665.53
2016-06-21,1520.32
2016-06-20,1233.32
2016-06-19,1486.1
2016-06-18,1703.03
2016-06-17,1797.78
2016-06-16,1704.61
2016-06-15,1861.89
2016-06-14,1561.20496894
2016-06-13,1443.2260274
2016-06-12,1366.40384615
2016-06-11,1585.88194444
2016-06-10,1432.44242424
2016-06-09,1596.75694444
2016-06-08,1775.54285714
2016-06-07,1301.00588235
2016-06-06,1120.75294118
2016-06-05,1652.64705882
2016-06-04,1652.59859155
2016-06-03,1674.63043478
2016-06-02,1639.05594406
2016-06-01,1694.87401575
2016-05-31,1467.84027778
2016-05-30,1215.93197279
2016-05-29,1451.53383459
2016-05-28,1548.89208633
2016-05-27,1630.31851852
2016-05-26,1795.97101449
2016-05-25,1676.98639456
2016-05-24,1237.52777778
2016-05-23,1001.89130435
2016-05-22,1357.87943262
2016-05-21,1405.34228188
2016-05-20,1826.21666667
2016-05-19,1536.49673203
2016-05-18,1692.38297872
2016-05-17,1700.77304965
2016-05-16,1440.07913669
2016-05-15,1467.22222222
2016-05-14,1527.27631579
2016-05-13,1643.23021583
2016-05-12,1762.4962406
2016-05-11,1555.19620253
2016-05-10,1324.2748538
2016-05-09,1138.41717791
2016-05-08,1347.08
2016-05-07,1439.7037037
2016-05-06,1481.16129032
2016-05-05,1399.35928144
2016-05-04,1560.32450331
2016-05-03,1425.38216561
2016-05-02,1235.03225806
2016-05-01,1477.47945205
2016-04-30,1657.49367089
2016-04-29,1836.72592593
2016-04-28,1856.08527132
2016-04-27,1660.55629139
2016-04-26,1713.1023622
2016-04-25,1387.53787879
2016-04-24,1286.22222222
2016-04-23,1475.35664336
2016-04-22,1409.2384106
2016-04-21,1313.81818182
2016-04-20,1372.0
2016-04-19,1284.0
2016-04-18,1514.0
2016-04-17,1303.0
2016-04-16,1522.0
2016-04-15,1518.0
2016-04-14,1504.0
2016-04-13,1251.0
2016-04-12,1347.0
2016-04-11,1495.0
2016-04-10,1395.0
2016-04-09,1418.0
2016-04-08,1580.0
2016-04-07,1439.0
2016-04-06,1044.0
2016-04-05,1281.0
2016-04-04,1527.0
2016-04-03,1506.0
2016-04-02,1410.0
2016-04-01,1454.0
2016-03-31,1225.0
2016-03-30,1202.0
2016-03-29,1311.0
2016-03-28,1487.0
2016-03-27,1671.0
2016-03-26,1307.0
2016-03-25,1128.0
2016-03-24,1276.0
2016-03-23,1055.0
2016-03-22,1104.0
2016-03-21,1197.0
2016-03-20,1291.0
2016-03-19,1244.0
2016-03-18,1412.0
2016-03-17,1501.0
2016-03-16,1165.0
2016-03-15,1165.0
2016-03-14,1398.0
2016-03-13,1475.0
2016-03-12,1270.0
2016-03-11,1300.0
2016-03-10,1241.0
2016-03-09,1077.0
2016-03-08,1209.0
2016-03-07,1189.0
2016-03-06,1196.0
2016-03-05,1137.0
2016-03-04,1447.0
2016-03-03,1184.0
2016-03-02,1233.0
2016-03-01,1497.0
2016-02-29,1395.0
2016-02-28,1663.0
2016-02-27,1760.0
2016-02-26,2036.0
2016-02-25,1968.0
2016-02-24,1508.0
2016-02-23,1392.0
2016-02-22,1399.0
2016-02-21,1508.0
2016-02-20,1830.0
2016-02-19,1826.0
2016-02-18,1730.0
2016-02-17,1660.0
2016-02-16,1425.0
2016-02-15,1550.0
2016-02-14,1182.0
2016-02-13,1624.0
2016-02-12,1468.0
2016-02-11,1401.0
2016-02-10,1049.0
2016-02-09,1245.0
2016-02-08,1276.0
2016-02-07,1184.0
2016-02-06,1384.0
2016-02-05,1365.0
2016-02-04,1369.0
2016-02-03,1165.0
2016-02-02,1218.0
2016-02-01,1199.0
2016-01-31,1086.0
2016-01-30,1149.0
2016-01-29,1414.0
2016-01-28,1260.0
2016-01-27,942.0
2016-01-26,1186.0
2016-01-25,1309.0
2016-01-24,1563.0
2016-01-23,1470.0
2016-01-22,1440.0
2016-01-21,1217.0
2016-01-20,1166.0
2016-01-19,1122.0
2016-01-18,1370.0
2016-01-17,1568.0
2016-01-16,1342.0
2016-01-15,1380.0
2016-01-14,1222.0
2016-01-13,1386.0
2016-01-12,1369.0
2016-01-11,1504.0
2016-01-10,1389.0
2016-01-09,1252.0
2016-01-08,1117.0
2016-01-07,1057.0
2016-01-06,968.0
2016-01-05,1121.0
2016-01-04,1085.0
2016-01-03,1235.0
2016-01-02,1304.0
2016-01-01,1147.0
2015-12-31,972.0
2015-12-30,946.0
2015-12-29,1043.0
2015-12-28,915.0
2015-12-27,1139.0
2015-12-26,1051.0
2015-12-25,1230.0
2015-12-24,1036.0
2015-12-23,802.0
2015-12-22,918.0
2015-12-21,1374.0
2015-12-20,1524.0
2015-12-19,1341.0
2015-12-18,1582.0
2015-12-17,1442.0
2015-12-16,1132.0
2015-12-15,1399.0
2015-12-14,1339.0
2015-12-13,1381.0
2015-12-12,1324.0
2015-12-11,1179.0
2015-12-10,1258.0
2015-12-09,1249.0
2015-12-08,1266.0
2015-12-07,1206.0
2015-12-06,1206.0
2015-12-05,1078.0
2015-12-04,1208.0
2015-12-03,1230.0
2015-12-02,1045.0
2015-12-01,1191.0
2015-11-30,1102.0
2015-11-29,1182.0
2015-11-28,1205.0
2015-11-27,960.0
2015-11-26,1147.0
2015-11-25,832.0
2015-11-24,1175.0
2015-11-23,1051.0
2015-11-22,1016.0
2015-11-21,990.0
2015-11-20,987.0
2015-11-19,891.0
2015-11-18,727.0
2015-11-17,892.0
2015-11-16,975.0
2015-11-15,1104.0
2015-11-14,1204.0
2015-11-13,982.0
2015-11-12,857.0
2015-11-11,954.0
2015-11-10,1026.0
2015-11-09,940.0
2015-11-08,1056.0
2015-11-07,967.0
2015-11-06,1077.0
2015-11-05,1039.0
2015-11-04,962.0
2015-11-03,991.0
2015-11-02,1205.0
2015-11-01,1270.0
2015-10-31,1362.0
2015-10-30,1126.0
2015-10-29,1101.0
2015-10-28,985.0
2015-10-27,1021.0
2015-10-26,1005.0
2015-10-25,1119.0
2015-10-24,1138.0
2015-10-23,896.0
2015-10-22,829.0
2015-10-21,827.0
2015-10-20,1013.0
2015-10-19,949.0
2015-10-18,949.0
2015-10-17,954.0
2015-10-16,1110.0
2015-10-15,1087.0
2015-10-14,822.0
2015-10-13,845.0
2015-10-12,1063.0
2015-10-11,928.0
2015-10-10,964.0
2015-10-09,896.0
2015-10-08,998.0
2015-10-07,906.0
2015-10-06,705.0
2015-10-05,863.0
2015-10-04,898.0
2015-10-03,1018.0
2015-10-02,1033.0
2015-10-01,955.0
2015-09-30,794.0
2015-09-29,667.0
2015-09-28,874.0
2015-09-27,1087.0
2015-09-26,911.0
2015-09-25,806.0
2015-09-24,941.0
2015-09-23,744.0
2015-09-22,786.0
2015-09-21,807.0
2015-09-20,860.0
2015-09-19,899.0
2015-09-18,855.0
2015-09-17,944.0
2015-09-16,882.0
2015-09-15,893.0
2015-09-14,1307.0
2015-09-13,1711.0
2015-09-12,1134.0
2015-09-11,1018.0
2015-09-10,1028.0
2015-09-09,995.0
2015-09-08,1128.0
2015-09-07,955.0
2015-09-06,726.0
2015-09-05,912.0
2015-09-04,911.0
2015-09-03,875.0
2015-09-02,667.0
2015-09-01,910.0
2015-08-31,627.0
2015-08-30,910.0
2015-08-29,894.0
2015-08-28,927.0
2015-08-27,742.0
2015-08-26,641.0
2015-08-25,689.0
2015-08-24,816.0
2015-08-23,780.0
2015-08-22,809.0
2015-08-21,906.0
2015-08-20,745.0
2015-08-19,684.0
2015-08-18,704.0
2015-08-17,755.0
2015-08-16,755.0
2015-08-15,753.0
2015-08-14,808.0
2015-08-13,828.0
2015-08-12,751.0
2015-08-11,589.0
2015-08-10,791.0
2015-08-09,805.0
2015-08-08,794.0
2015-08-07,941.0
2015-08-06,691.0
2015-08-05,632.0
2015-08-04,655.0
2015-08-03,665.0
2015-08-02,877.0
2015-08-01,946.0
2015-07-31,1033.0
2015-07-30,921.0
2015-07-29,806.0
2015-07-28,630.0
2015-07-27,994.0
2015-07-26,961.0
2015-07-25,975.0
2015-07-24,914.0
2015-07-23,826.0
2015-07-22,718.0
2015-07-21,649.0
2015-07-20,693.0
2015-07-19,653.0
2015-07-18,748.0
2015-07-17,1003.0
2015-07-16,881.0
2015-07-15,780.0
2015-07-14,941.0
2015-07-13,753.0
2015-07-12,819.0
2015-07-11,836.0
2015-07-10,794.0
2015-07-09,861.0
2015-07-08,1217.0
2015-07-07,1483.0
2015-07-06,1183.0
2015-07-05,1374.0
2015-07-04,1356.0
2015-07-03,1301.0
2015-07-02,1364.0
2015-07-01,892.0
2015-06-30,701.0
2015-06-29,737.0
2015-06-28,856.0
2015-06-27,968.0
2015-06-26,1040.0
2015-06-25,1041.0
2015-06-24,854.0
2015-06-23,664.0
2015-06-22,850.0
2015-06-21,781.0
2015-06-20,708.0
2015-06-19,758.0
2015-06-18,900.0
2015-06-17,755.0
2015-06-16,747.0
2015-06-15,856.0
2015-06-14,779.0
2015-06-13,792.0
2015-06-12,941.0
2015-06-11,1008.0
2015-06-10,815.0
2015-06-09,693.0
2015-06-08,714.0
2015-06-07,919.0
2015-06-06,807.0
2015-06-05,842.0
2015-06-04,713.0
2015-06-03,666.0
2015-06-02,529.0
2015-06-01,633.0
2015-05-31,772.0
2015-05-30,872.0
2015-05-29,883.0
2015-05-28,914.0
2015-05-27,853.0
2015-05-26,653.0
2015-05-25,1071.0
2015-05-24,784.0
2015-05-23,831.0
2015-05-22,748.0
2015-05-21,792.0
2015-05-20,732.0
2015-05-19,624.0
2015-05-18,772.0
2015-05-17,708.0
2015-05-16,653.0
2015-05-15,758.0
2015-05-14,783.0
2015-05-13,714.0
2015-05-12,494.0
2015-05-11,726.0
2015-05-10,653.0
2015-05-09,723.0
2015-05-08,670.0
2015-05-07,724.0
2015-05-06,691.0
2015-05-05,698.0
2015-05-04,783.0
2015-05-03,732.0
2015-05-02,704.0
2015-05-01,793.0
2015-04-30,741.0
2015-04-29,713.0
2015-04-28,623.0
2015-04-27,655.0
2015-04-26,715.0
2015-04-25,857.0
2015-04-24,906.0
2015-04-23,716.0
2015-04-22,792.0
2015-04-21,629.0
2015-04-20,654.0
2015-04-19,921.0
2015-04-18,777.0
2015-04-17,794.0
2015-04-16,717.0
2015-04-15,693.0
2015-04-14,634.0
2015-04-13,755.0
2015-04-12,761.0
2015-04-11,754.0
2015-04-10,857.0
2015-04-09,717.0
2015-04-08,746.0
2015-04-07,653.0
2015-04-06,755.0
2015-04-05,803.0
2015-04-04,823.0
2015-04-03,907.0
2015-04-02,703.0
2015-04-01,782.0
2015-03-31,622.0
2015-03-30,611.0
2015-03-29,687.0
2015-03-28,786.0
2015-03-27,891.0
2015-03-26,706.0
2015-03-25,719.0
2015-03-24,579.0
2015-03-23,600.0
2015-03-22,618.0
2015-03-21,660.0
2015-03-20,565.0
2015-03-19,577.0
2015-03-18,699.0
2015-03-17,634.0
2015-03-16,702.0
2015-03-15,731.0
2015-03-14,716.0
2015-03-13,730.0
2015-03-12,728.0
2015-03-11,746.0
2015-03-10,574.0
2015-03-09,662.0
2015-03-08,696.0
2015-03-07,734.0
2015-03-06,619.0
2015-03-05,744.0
2015-03-04,730.0
2015-03-03,554.0
2015-03-02,668.0
2015-03-01,609.0
2015-02-28,847.0
2015-02-27,667.0
2015-02-26,708.0
2015-02-25,686.0
2015-02-24,575.0
2015-02-23,668.0
2015-02-22,654.0
2015-02-21,703.0
2015-02-20,671.0
2015-02-19,756.0
2015-02-18,707.0
2015-02-17,569.0
2015-02-16,670.0
2015-02-15,582.0
2015-02-14,585.0
2015-02-13,649.0
2015-02-12,638.0
2015-02-11,654.0
2015-02-10,636.0
2015-02-09,664.0
2015-02-08,767.0
2015-02-07,690.0
2015-02-06,658.0
2015-02-05,690.0
2015-02-04,618.0
2015-02-03,646.0
2015-02-02,501.0
2015-02-01,476.0
2015-01-31,612.0
2015-01-30,554.0
2015-01-29,692.0
2015-01-28,566.0
2015-01-27,465.0
2015-01-26,540.0
2015-01-25,621.0
2015-01-24,520.0
2015-01-23,565.0
2015-01-22,683.0
2015-01-21,830.0
2015-01-20,653.0
2015-01-19,740.0
2015-01-18,703.0
2015-01-17,633.0
2015-01-16,731.0
2015-01-15,824.0
2015-01-14,607.0
2015-01-13,584.0
2015-01-12,655.0
2015-01-11,755.0
2015-01-10,833.0
2015-01-09,691.0
2015-01-08,943.0
2015-01-07,598.0
2015-01-06,639.0
2015-01-05,751.0
2015-01-04,692.0
2015-01-03,734.0
2015-01-02,627.0
2015-01-01,555.0
2014-12-31,558.0
2014-12-30,515.0
2014-12-29,505.0
2014-12-28,451.0
2014-12-27,355.0
2014-12-26,540.0
2014-12-25,583.0
2014-12-24,472.0
2014-12-23,447.0
2014-12-22,492.0
2014-12-21,497.0
2014-12-20,418.0
2014-12-19,592.0
2014-12-18,615.0
2014-12-17,693.0
2014-12-16,557.0
2014-12-15,648.0
2014-12-14,742.0
2014-12-13,742.0
2014-12-12,737.0
2014-12-11,742.0
2014-12-10,625.0
2014-12-09,560.0
2014-12-08,556.0
2014-12-07,564.0
2014-12-06,591.0
2014-12-05,553.0
2014-12-04,644.0
2014-12-03,563.0
2014-12-02,634.0
2014-12-01,576.0
2014-11-30,619.0
2014-11-29,681.0
2014-11-28,804.0
2014-11-27,709.0
2014-11-26,665.0
2014-11-25,518.0
2014-11-24,539.0
2014-11-23,554.0
2014-11-22,633.0
2014-11-21,629.0
2014-11-20,646.0
2014-11-19,540.0
2014-11-18,532.0
2014-11-17,492.0
2014-11-16,698.0
2014-11-15,624.0
2014-11-14,637.0
2014-11-13,583.0
2014-11-12,560.0
2014-11-11,505.0
2014-11-10,498.0
2014-11-09,607.0
2014-11-08,685.0
2014-11-07,650.0
2014-11-06,619.0
2014-11-05,536.0
2014-11-04,519.0
2014-11-03,486.0
2014-11-02,621.0
2014-11-01,623.0
2014-10-31,557.0
2014-10-30,551.0
2014-10-29,545.0
2014-10-28,462.0
2014-10-27,465.0
2014-10-26,468.0
2014-10-25,539.0
2014-10-24,626.0
2014-10-23,590.0
2014-10-22,537.0
2014-10-21,542.0
2014-10-20,483.0
2014-10-19,500.0
2014-10-18,553.0
2014-10-17,465.0
2014-10-16,581.0
2014-10-15,568.0
2014-10-14,467.0
2014-10-13,411.0
2014-10-12,536.0
2014-10-11,493.0
2014-10-10,524.0
2014-10-09,582.0
2014-10-08,492.0
2014-10-07,432.0
2014-10-06,459.0
2014-10-05,533.0
2014-10-04,555.0
2014-10-03,613.0
2014-10-02,521.0
2014-10-01,469.0
2014-09-30,374.0
2014-09-29,492.0
2014-09-28,515.0
2014-09-27,504.0
2014-09-26,539.0
2014-09-25,517.0
2014-09-24,531.0
2014-09-23,447.0
2014-09-22,522.0
2014-09-21,485.0
2014-09-20,475.0
2014-09-19,497.0
2014-09-18,471.0
2014-09-17,436.0
2014-09-16,360.0
2014-09-15,360.0
2014-09-14,442.0
2014-09-13,431.0
2014-09-12,422.0
2014-09-11,528.0
2014-09-10,500.0
2014-09-09,388.0
2014-09-08,353.0
2014-09-07,411.0
2014-09-06,417.0
2014-09-05,489.0
2014-09-04,605.0
2014-09-03,468.0
2014-09-02,362.0
2014-09-01,401.0
2014-08-31,449.0
2014-08-30,424.0
2014-08-29,453.0
2014-08-28,500.0
2014-08-27,441.0
2014-08-26,306.0
2014-08-25,371.0
2014-08-24,407.0
2014-08-23,382.0
2014-08-22,461.0
2014-08-21,445.0
2014-08-20,495.0
2014-08-19,335.0
2014-08-18,383.0
2014-08-17,423.0
2014-08-16,449.0
2014-08-15,462.0
2014-08-14,366.0
2014-08-13,388.0
2014-08-12,359.0
2014-08-11,440.0
2014-08-10,427.0
2014-08-09,477.0
2014-08-08,477.0
2014-08-07,435.0
2014-08-06,385.0
2014-08-05,326.0
2014-08-04,363.0
2014-08-03,429.0
2014-08-02,450.0
2014-08-01,515.0
2014-07-31,552.0
2014-07-30,467.0
2014-07-29,345.0
2014-07-28,354.0
2014-07-27,452.0
2014-07-26,439.0
2014-07-25,368.0
2014-07-24,434.0
2014-07-23,437.0
2014-07-22,329.0
2014-07-21,410.0
2014-07-20,402.0
2014-07-19,435.0
2014-07-18,471.0
2014-07-17,467.0
2014-07-16,413.0
2014-07-15,322.0
2014-07-14,340.0
2014-07-13,392.0
2014-07-12,401.0
2014-07-11,410.0
2014-07-10,503.0
2014-07-09,412.0
2014-07-08,344.0
2014-07-07,328.0
2014-07-06,399.0
2014-07-05,416.0
2014-07-04,444.0
2014-07-03,432.0
2014-07-02,431.0
2014-07-01,358.0
2014-06-30,319.0
2014-06-29,386.0
2014-06-28,475.0
2014-06-27,487.0
2014-06-26,514.0
2014-06-25,496.0
2014-06-24,300.0
2014-06-23,304.0
2014-06-22,335.0
2014-06-21,364.0
2014-06-20,342.0
2014-06-19,327.0
2014-06-18,358.0
2014-06-17,261.0
2014-06-16,274.0
2014-06-15,323.0
2014-06-14,412.0
2014-06-13,394.0
2014-06-12,377.0
2014-06-11,321.0
2014-06-10,289.0
2014-06-09,335.0
2014-06-08,387.0
2014-06-07,397.0
2014-06-06,421.0
2014-06-05,369.0
2014-06-04,411.0
2014-06-03,318.0
2014-06-02,347.0
2014-06-01,438.0
2014-05-31,459.0
2014-05-30,363.0
2014-05-29,371.0
2014-05-28,341.0
2014-05-27,295.0
2014-05-26,362.0
2014-05-25,410.0
2014-05-24,503.0
2014-05-23,408.0
2014-05-22,519.0
2014-05-21,389.0
2014-05-20,357.0
2014-05-19,346.0
2014-05-18,472.0
2014-05-17,425.0
2014-05-16,399.0
2014-05-15,388.0
2014-05-14,341.0
2014-05-13,328.0
2014-05-12,303.0
2014-05-11,378.0
2014-05-10,438.0
2014-05-09,466.0
2014-05-08,415.0
2014-05-07,446.0
2014-05-06,311.0
2014-05-05,337.0
2014-05-04,407.0
2014-05-03,438.0
2014-05-02,432.0
2014-05-01,412.0
2014-04-30,507.0
2014-04-29,337.0
2014-04-28,389.0
2014-04-27,355.0
2014-04-26,362.0
2014-04-25,437.0
2014-04-24,406.0
2014-04-23,378.0
2014-04-22,301.0
2014-04-21,328.0
2014-04-20,475.0
2014-04-19,460.0
2014-04-18,412.0
2014-04-17,475.0
2014-04-16,327.0
2014-04-15,290.0
2014-04-14,347.0
2014-04-13,362.0
2014-04-12,386.0
2014-04-11,459.0
2014-04-10,384.0
2014-04-09,353.0
2014-04-08,248.0
2014-04-07,324.0
2014-04-06,448.0
2014-04-05,394.0
2014-04-04,443.0
2014-04-03,449.0
2014-04-02,426.0
2014-04-01,334.0
2014-03-31,333.0
2014-03-30,326.0
2014-03-29,323.0
2014-03-28,360.0
2014-03-27,361.0
2014-03-26,375.0
2014-03-25,371.0
2014-03-24,321.0
2014-03-23,377.0
2014-03-22,424.0
2014-03-21,442.0
2014-03-20,480.0
2014-03-19,338.0
2014-03-18,277.0
2014-03-17,392.0
2014-03-16,408.0
2014-03-15,431.0
2014-03-14,434.0
2014-03-13,399.0
2014-03-12,364.0
2014-03-11,371.0
2014-03-10,376.0
2014-03-09,494.0
2014-03-08,445.0
2014-03-07,452.0
2014-03-06,452.0
2014-03-05,404.0
2014-03-04,373.0
2014-03-03,405.0
2014-03-02,416.0
2014-03-01,442.0
2014-02-28,460.0
2014-02-27,618.0
2014-02-26,511.0
2014-02-25,396.0
2014-02-24,428.0
2014-02-23,381.0
2014-02-22,392.0
2014-02-21,395.0
2014-02-20,494.0
2014-02-19,376.0
2014-02-18,322.0
2014-02-17,363.0
2014-02-16,437.0
2014-02-15,419.0
2014-02-14,347.0
2014-02-13,409.0
2014-02-12,344.0
2014-02-11,294.0
2014-02-10,356.0
2014-02-09,401.0
2014-02-08,371.0
2014-02-07,376.0
2014-02-06,376.0
2014-02-05,441.0
2014-02-04,392.0
2014-02-03,366.0
2014-02-02,435.0
2014-02-01,417.0
2014-01-31,397.0
2014-01-30,389.0
2014-01-29,303.0
2014-01-28,283.0
2014-01-27,288.0
2014-01-26,336.0
2014-01-25,380.0
2014-01-24,391.0
2014-01-23,395.0
2014-01-22,377.0
2014-01-21,322.0
2014-01-20,357.0
2014-01-19,346.0
2014-01-18,356.0
2014-01-17,349.0
2014-01-16,415.0
2014-01-15,321.0
2014-01-14,267.0
2014-01-13,326.0
2014-01-12,381.0
2014-01-11,287.0
2014-01-10,353.0
2014-01-09,360.0
2014-01-08,269.0
2014-01-07,259.0
2014-01-06,272.0
2014-01-05,280.0
2014-01-04,322.0
2014-01-03,319.0
2014-01-02,332.0
2014-01-01,381.0
2013-12-31,309.0
2013-12-30,364.0
2013-12-29,391.0
2013-12-28,331.0
2013-12-27,207.0
2013-12-26,309.0
2013-12-25,291.0
2013-12-24,326.0
2013-12-23,291.0
2013-12-22,315.0
2013-12-21,271.0
2013-12-20,331.0
2013-12-19,342.0
2013-12-18,327.0
2013-12-17,310.0
2013-12-16,362.0
2013-12-15,343.0
2013-12-14,318.0
2013-12-13,388.0
2013-12-12,363.0
2013-12-11,326.0
2013-12-10,291.0
2013-12-09,279.0
2013-12-08,360.0
2013-12-07,359.0
2013-12-06,432.0
2013-12-05,337.0
2013-12-04,293.0
2013-12-03,274.0
2013-12-02,391.0
2013-12-01,337.0
2013-11-30,497.0
2013-11-29,450.0
2013-11-28,411.0
2013-11-27,455.0
2013-11-26,344.0
2013-11-25,505.0
2013-11-24,488.0
2013-11-23,560.0
2013-11-22,549.0
2013-11-21,488.0
2013-11-20,399.0
2013-11-19,348.0
2013-11-18,463.0
2013-11-17,461.0
2013-11-16,479.0
2013-11-15,478.0
2013-11-14,602.0
2013-11-13,446.0
2013-11-12,248.0
2013-11-11,263.0
2013-11-10,380.0
2013-11-09,415.0
2013-11-08,335.0
2013-11-07,309.0
2013-11-06,279.0
2013-11-05,340.0
2013-11-04,407.0
2013-11-03,450.0
2013-11-02,380.0
2013-11-01,339.0
2013-10-31,300.0
2013-10-30,210.0
2013-10-29,182.0
2013-10-28,189.0
2013-10-27,254.0
2013-10-26,270.0
2013-10-25,244.0
2013-10-24,326.0
2013-10-23,271.0
2013-10-22,250.0
2013-10-21,248.0
2013-10-20,249.0
2013-10-19,302.0
2013-10-18,258.0
2013-10-17,260.0
2013-10-16,289.0
2013-10-15,230.0
2013-10-14,249.0
2013-10-13,349.0
2013-10-12,252.0
2013-10-11,237.0
2013-10-10,231.0
2013-10-09,216.0
2013-10-08,223.0
2013-10-07,252.0
2013-10-06,307.0
2013-10-05,296.0
2013-10-04,256.0
2013-10-03,274.0
2013-10-02,282.0
2013-10-01,221.0
2013-09-30,226.0
2013-09-29,307.0
2013-09-28,296.0
2013-09-27,349.0
2013-09-26,282.0
2013-09-25,256.0
2013-09-24,248.0
2013-09-23,261.0
2013-09-22,286.0
2013-09-21,317.0
2013-09-20,271.0
2013-09-19,316.0
2013-09-18,272.0
2013-09-17,255.0
2013-09-16,284.0
2013-09-15,305.0
2013-09-14,302.0
2013-09-13,426.0
2013-09-12,374.0
2013-09-11,298.0
2013-09-10,255.0
2013-09-09,218.0
2013-09-08,230.0
2013-09-07,245.0
2013-09-06,246.0
2013-09-05,287.0
2013-09-04,284.0
2013-09-03,311.0
2013-09-02,332.0
2013-09-01,333.0
2013-08-31,369.0
2013-08-30,293.0
2013-08-29,272.0
2013-08-28,214.0
2013-08-27,205.0
2013-08-26,244.0
2013-08-25,312.0
2013-08-24,310.0
2013-08-23,381.0
2013-08-22,354.0
2013-08-21,328.0
2013-08-20,315.0
2013-08-19,274.0
2013-08-18,278.0
2013-08-17,301.0
2013-08-16,307.0
2013-08-15,367.0
2013-08-14,392.0
2013-08-13,269.0
2013-08-12,316.0
2013-08-11,397.0
2013-08-10,353.0
2013-08-09,327.0
2013-08-08,278.0
2013-08-07,200.0
2013-08-06,191.0
2013-08-05,261.0
2013-08-04,255.0
2013-08-03,282.0
2013-08-02,325.0
2013-08-01,276.0
2013-07-31,249.0
2013-07-30,260.0
2013-07-29,274.0
2013-07-28,279.0
2013-07-27,247.0
2013-07-26,260.0
2013-07-25,216.0
2013-07-24,266.0
2013-07-23,187.0
2013-07-22,218.0
2013-07-21,232.0
2013-07-20,308.0
2013-07-19,259.0
2013-07-18,273.0
2013-07-17,206.0
2013-07-16,189.0
2013-07-15,179.0
2013-07-14,224.0
2013-07-13,239.0
2013-07-12,234.0
2013-07-11,236.0
2013-07-10,214.0
2013-07-09,209.0
2013-07-08,266.0
2013-07-07,303.0
2013-07-06,213.0
2013-07-05,230.0
2013-07-04,207.0
2013-07-03,198.0
2013-07-02,154.0
2013-07-01,196.0
2013-06-30,205.0
2013-06-29,203.0
2013-06-28,202.0
2013-06-27,275.0
2013-06-26,222.0
2013-06-25,201.0
2013-06-24,242.0
2013-06-23,287.0
2013-06-22,281.0
2013-06-21,241.0
2013-06-20,308.0
2013-06-19,286.0
2013-06-18,230.0
2013-06-17,247.0
2013-06-16,306.0
2013-06-15,338.0
2013-06-14,375.0
2013-06-13,322.0
2013-06-12,281.0
2013-06-11,214.0
2013-06-10,235.0
2013-06-09,279.0
2013-06-08,224.0
2013-06-07,232.0
2013-06-06,290.0
2013-06-05,235.0
2013-06-04,276.0
2013-06-03,285.0
2013-06-02,337.0
2013-06-01,314.0
2013-05-31,272.0
2013-05-30,286.0
2013-05-29,249.0
2013-05-28,250.0
2013-05-27,264.0
2013-05-26,309.0
2013-05-25,338.0
2013-05-24,326.0
2013-05-23,340.0
2013-05-22,304.0
2013-05-21,247.0
2013-05-20,324.0
2013-05-19,340.0
2013-05-18,340.0
2013-05-17,325.0
2013-05-16,366.0
2013-05-15,362.0
2013-05-14,305.0
2013-05-13,353.0
2013-05-12,378.0
2013-05-11,417.0
2013-05-10,451.0
2013-05-09,430.0
2013-05-08,345.0
2013-05-07,389.0
2013-05-06,402.0
2013-05-05,406.0
2013-05-04,399.0
2013-05-03,290.0
2013-05-02,336.0
2013-05-01,314.0
2013-04-30,320.0
2013-04-29,313.0
2013-04-28,379.0
2013-04-27,397.0
2013-04-26,357.0
2013-04-25,327.0
2013-04-24,276.0
2013-04-23,245.0
2013-04-22,303.0
2013-04-21,328.0
2013-04-20,384.0
2013-04-19,388.0
2013-04-18,360.0
2013-04-17,288.0
2013-04-16,259.0
2013-04-15,331.0
2013-04-14,462.0
2013-04-13,322.0
2013-04-12,336.0
2013-04-11,359.0
2013-04-10,345.0
2013-04-09,327.0
2013-04-08,348.0
2013-04-07,349.0
2013-04-06,412.0
2013-04-05,374.0
2013-04-04,365.0
2013-04-03,375.0
2013-04-02,363.0
2013-04-01,340.0
2013-03-31,389.0
2013-03-30,431.0
2013-03-29,366.0
2013-03-28,344.0
2013-03-27,240.0
2013-03-26,283.0
2013-03-25,360.0
2013-03-24,363.0
2013-03-23,319.0
2013-03-22,412.0
2013-03-21,302.0
2013-03-20,375.0
2013-03-19,229.0
2013-03-18,276.0
2013-03-17,267.0
2013-03-16,241.0
2013-03-15,227.0
2013-03-14,247.0
2013-03-13,220.0
2013-03-12,168.0
2013-03-11,246.0
2013-03-10,353.0
2013-03-09,318.0
2013-03-08,364.0
2013-03-07,376.0
2013-03-06,363.0
2013-03-05,385.0
2013-03-04,280.0
2013-03-03,443.0
2013-03-02,410.0
2013-03-01,410.0
2013-02-28,373.0
2013-02-27,367.0
2013-02-26,326.0
2013-02-25,404.0
2013-02-24,416.0
2013-02-23,356.0
2013-02-22,310.0
2013-02-21,400.0
2013-02-20,334.0
2013-02-19,352.0
2013-02-18,366.0
2013-02-17,365.0
2013-02-16,299.0
2013-02-15,333.0
2013-02-14,334.0
2013-02-13,287.0
2013-02-12,270.0
2013-02-11,270.0
2013-02-10,326.0
2013-02-09,328.0
2013-02-08,365.0
2013-02-07,411.0
2013-02-06,370.0
2013-02-05,349.0
2013-02-04,373.0
2013-02-03,433.0
2013-02-02,393.0
2013-02-01,290.0
2013-01-31,310.0
2013-01-30,326.0
2013-01-29,340.0
2013-01-28,365.0
2013-01-27,370.0
2013-01-26,242.0
2013-01-25,315.0
2013-01-24,330.0
2013-01-23,353.0
2013-01-22,351.0
2013-01-21,356.0
2013-01-20,331.0
2013-01-19,314.0
2013-01-18,360.0
2013-01-17,314.0
2013-01-16,283.0
2013-01-15,315.0
2013-01-14,400.0
2013-01-13,407.0
2013-01-12,390.0
2013-01-11,424.0
2013-01-10,359.0
2013-01-09,284.0
2013-01-08,383.0
2013-01-07,393.0
2013-01-06,451.0
2013-01-05,352.0
2013-01-04,323.0
2013-01-03,245.0
2013-01-02,244.0
2013-01-01,243.0
2012-12-31,261.0
2012-12-30,354.0
2012-12-29,258.0
2012-12-28,249.0
2012-12-27,174.0
2012-12-26,203.0
2012-12-25,273.0
2012-12-24,292.0
2012-12-23,269.0
2012-12-22,267.0
2012-12-21,248.0
2012-12-20,224.0
2012-12-19,292.0
2012-12-18,284.0
2012-12-17,361.0
2012-12-16,336.0
2012-12-15,334.0
2012-12-14,342.0
2012-12-13,369.0
2012-12-12,324.0
2012-12-11,295.0
2012-12-10,284.0
2012-12-09,398.0
2012-12-08,296.0
2012-12-07,273.0
2012-12-06,250.0
2012-12-05,270.0
2012-12-04,252.0
2012-12-03,235.0
2012-12-02,265.0
2012-12-01,260.0
2012-11-30,276.0
2012-11-29,252.0
2012-11-28,149.0
2012-11-27,136.0
2012-11-26,235.0
2012-11-25,219.0
2012-11-24,236.0
2012-11-23,216.0
2012-11-22,194.0
2012-11-21,218.0
2012-11-20,246.0
2012-11-19,180.0
2012-11-18,217.0
2012-11-17,224.0
2012-11-16,267.0
2012-11-15,236.0
2012-11-14,285.0
2012-11-13,208.0
2012-11-12,243.0
2012-11-11,264.0
2012-11-10,277.0
2012-11-09,202.0
2012-11-08,182.0
2012-11-07,174.0
2012-11-06,179.0
2012-11-05,166.0
2012-11-04,185.0
2012-11-03,215.0
2012-11-02,238.0
2012-11-01,206.0
2012-10-31,210.0
2012-10-30,141.0
2012-10-29,176.0
2012-10-28,189.0
2012-10-27,188.0
2012-10-26,205.0
2012-10-25,200.0
2012-10-24,121.0
2012-10-23,102.0
2012-10-22,98.0
2012-10-21,140.0
2012-10-20,203.0
2012-10-19,215.0
2012-10-18,292.0
2012-10-17,214.0
2012-10-16,251.0
2012-10-15,200.0
2012-10-14,179.0
2012-10-13,183.0
2012-10-12,232.0
2012-10-11,220.0
2012-10-10,189.0
2012-10-09,195.0
2012-10-08,255.0
2012-10-07,160.0
2012-10-06,217.0
2012-10-05,216.0
2012-10-04,247.0
2012-10-03,231.0
2012-10-02,231.0
2012-10-01,251.0
2012-09-30,253.0
2012-09-29,220.0
2012-09-28,233.0
2012-09-27,209.0
2012-09-26,160.0
2012-09-25,139.0
2012-09-24,157.0
2012-09-23,182.0
2012-09-22,211.0
2012-09-21,222.0
2012-09-20,159.0
2012-09-19,200.0
2012-09-18,162.0
2012-09-17,138.0
2012-09-16,183.0
2012-09-15,230.0
2012-09-14,224.0
2012-09-13,187.0
2012-09-12,144.0
2012-09-11,182.0
2012-09-10,212.0
2012-09-09,216.0
2012-09-08,192.0
2012-09-07,215.0
2012-09-06,239.0
2012-09-05,222.0
2012-09-04,196.0
2012-09-03,245.0
2012-09-02,188.0
2012-09-01,237.0
2012-08-31,230.0
2012-08-30,288.0
2012-08-29,228.0
2012-08-28,204.0
2012-08-27,257.0
2012-08-26,290.0
2012-08-25,198.0
2012-08-24,203.0
2012-08-23,205.0
2012-08-22,210.0
2012-08-21,173.0
2012-08-20,270.0
2012-08-19,198.0
2012-08-18,192.0
2012-08-17,272.0
2012-08-16,223.0
2012-08-15,191.0
2012-08-14,221.0
2012-08-13,261.0
2012-08-12,285.0
2012-08-11,319.0
2012-08-10,286.0
2012-08-09,230.0
2012-08-08,324.0
2012-08-07,199.0
2012-08-06,189.0
2012-08-05,166.0
2012-08-04,208.0
2012-08-03,228.0
2012-08-02,192.0
2012-08-01,255.0
2012-07-31,220.0
2012-07-30,187.0
2012-07-29,169.0
2012-07-28,210.0
2012-07-27,242.0
2012-07-26,271.0
2012-07-25,206.0
2012-07-24,226.0
2012-07-23,195.0
2012-07-22,157.0
2012-07-21,172.0
2012-07-20,189.0
2012-07-19,185.0
2012-07-18,239.0
2012-07-17,215.0
2012-07-16,250.0
2012-07-15,254.0
2012-07-14,217.0
2012-07-13,203.0
2012-07-12,196.0
2012-07-11,206.0
2012-07-10,173.0
2012-07-09,170.0
2012-07-08,145.0
2012-07-07,175.0
2012-07-06,220.0
2012-07-05,221.0
2012-07-04,153.0
2012-07-03,140.0
2012-07-02,153.0
2012-07-01,143.0
2012-06-30,160.0
2012-06-29,138.0
2012-06-28,158.0
2012-06-27,156.0
2012-06-26,136.0
2012-06-25,166.0
2012-06-24,159.0
2012-06-23,202.0
2012-06-22,189.0
2012-06-21,219.0
2012-06-20,169.0
2012-06-19,156.0
2012-06-18,133.0
2012-06-17,181.0
2012-06-16,217.0
2012-06-15,246.0
2012-06-14,209.0
2012-06-13,248.0
2012-06-12,247.0
2012-06-11,308.0
2012-06-10,361.0
2012-06-09,390.0
2012-06-08,321.0
2012-06-07,148.0
2012-06-06,229.0
2012-06-05,231.0
2012-06-04,188.0
2012-06-03,182.0
2012-06-02,242.0
2012-06-01,108.0
2012-05-31,333.0
2012-05-30,297.0
2012-05-29,168.0
2012-05-28,119.0
2012-05-27,163.0
2012-05-26,143.0
2012-05-25,214.0
2012-05-24,229.0
2012-05-23,235.0
2012-05-22,135.0
2012-05-21,177.0
2012-05-20,250.0
2012-05-19,192.0
2012-05-18,221.0
2012-05-17,216.0
2012-05-16,220.0
2012-05-15,234.0
2012-05-14,261.0
2012-05-13,151.0
2012-05-12,126.0
2012-05-11,175.0
2012-05-10,158.0
2012-05-09,195.0
2012-05-08,106.0
2012-05-07,160.0
2012-05-06,115.0
2012-05-05,88.0
2012-05-04,115.0
2012-05-03,92.0
2012-05-02,95.0
2012-05-01,72.0
2012-04-30,87.0
2012-04-29,92.0
2012-04-28,73.0
2012-04-27,60.0
2012-04-26,56.0
2012-04-25,53.0
2012-04-24,48.0
2012-04-23,45.0
2012-04-22,56.0
2012-04-21,65.0
2012-04-20,56.0
2012-04-19,60.0
2012-04-18,46.0
2012-04-17,45.0
2012-04-16,52.0
2012-04-15,51.0
2012-04-14,51.0
2012-04-13,66.0
2012-04-12,58.0
2012-04-11,58.0
2012-04-10,62.0
2012-04-09,59.0
2012-04-08,59.0
2012-04-07,61.0
2012-04-06,52.0
2012-04-05,58.0
2012-04-04,40.0
2012-04-03,41.0
2012-04-02,46.0
2012-04-01,56.0
2012-03-31,58.0
2012-03-30,53.0
2012-03-29,58.0
2012-03-28,47.0
2012-03-27,37.0
2012-03-26,38.0
2012-03-25,47.0
2012-03-24,54.0
2012-03-23,44.0
2012-03-22,42.0
2012-03-21,42.0
2012-03-20,37.0
2012-03-19,37.0
2012-03-18,48.0
2012-03-17,43.0
2012-03-16,43.0
2012-03-15,44.0
2012-03-14,42.0
2012-03-13,36.0
2012-03-12,43.0
2012-03-11,46.0
2012-03-10,50.0
2012-03-09,51.0
2012-03-08,44.0
2012-03-07,33.0
2012-03-06,38.0
2012-03-05,34.0
2012-03-04,39.0
2012-03-03,42.0
2012-03-02,44.0
2012-03-01,45.0
2012-02-29,50.0
2012-02-28,46.0
2012-02-27,47.0
2012-02-26,57.0
2012-02-25,43.0
2012-02-24,36.0
2012-02-23,44.0
2012-02-22,40.0
2012-02-21,38.0
2012-02-20,39.0
2012-02-19,49.0
2012-02-18,46.0
2012-02-17,45.0
2012-02-16,49.0
2012-02-15,41.0
2012-02-14,37.0
2012-02-13,38.0
2012-02-12,50.0
2012-02-11,71.0
2012-02-10,66.0
2012-02-09,71.0
2012-02-08,51.0
2012-02-07,46.0
2012-02-06,55.0
2012-02-05,58.0
2012-02-04,50.0
2012-02-03,50.0
2012-02-02,47.0
2012-02-01,43.0
2012-01-31,48.0
2012-01-30,46.0
2012-01-29,43.0
2012-01-28,42.0
2012-01-27,51.0
2012-01-26,40.0
2012-01-25,36.0
2012-01-24,39.0
2012-01-23,39.0
2012-01-22,47.0
2012-01-21,51.0
2012-01-20,51.0
2012-01-19,50.0
2012-01-18,34.0
2012-01-17,40.0
2012-01-16,37.0
2012-01-15,48.0
2012-01-14,47.0
2012-01-13,50.0
2012-01-12,41.0
2012-01-11,42.0
2012-01-10,45.0
2012-01-09,42.0
2012-01-08,55.0
2012-01-07,41.0
2012-01-06,47.0
2012-01-05,45.0
2012-01-04,37.0
2012-01-03,39.0
2012-01-02,34.0
2012-01-01,37.0
2011-12-31,47.0
2011-12-30,36.0
2011-12-29,34.0
2011-12-28,38.0
2011-12-27,30.0
2011-12-26,33.0
2011-12-25,39.0
2011-12-24,35.0
2011-12-23,33.0
2011-12-22,35.0
2011-12-21,31.0
2011-12-20,30.0
2011-12-19,35.0
2011-12-18,37.0
2011-12-17,42.0
2011-12-16,36.0
2011-12-15,49.0
2011-12-14,34.0
2011-12-13,31.0
2011-12-12,33.0
2011-12-11,42.0
2011-12-10,44.0
2011-12-09,35.0
2011-12-08,42.0
2011-12-07,36.0
2011-12-06,36.0
2011-12-05,36.0
2011-12-04,37.0
2011-12-03,37.0
2011-12-02,48.0
2011-12-01,44.0
2011-11-30,39.0
2011-11-29,38.0
2011-11-28,36.0
2011-11-27,40.0
2011-11-26,36.0
2011-11-25,43.0
2011-11-24,46.0
2011-11-23,47.0
2011-11-22,42.0
2011-11-21,39.0
2011-11-20,41.0
2011-11-19,44.0
2011-11-18,42.0
2011-11-17,39.0
2011-11-16,37.0
2011-11-15,37.0
2011-11-14,38.0
2011-11-13,36.0
2011-11-12,38.0
2011-11-11,44.0
2011-11-10,37.0
2011-11-09,41.0
2011-11-08,34.0
2011-11-07,39.0
2011-11-06,44.0
2011-11-05,43.0
2011-11-04,39.0
2011-11-03,42.0
2011-11-02,40.0
2011-11-01,33.0
2011-10-31,43.0
2011-10-30,46.0
2011-10-29,45.0
2011-10-28,38.0
2011-10-27,40.0
2011-10-26,36.0
2011-10-25,50.0
2011-10-24,48.0
2011-10-23,50.0
2011-10-22,41.0
2011-10-21,48.0
2011-10-20,40.0
2011-10-19,48.0
2011-10-18,51.0
2011-10-17,51.0
2011-10-16,38.0
2011-10-15,45.0
2011-10-14,36.0
2011-10-13,43.0
2011-10-12,49.0
2011-10-11,39.0
2011-10-10,43.0
2011-10-09,42.0
2011-10-08,52.0
2011-10-07,54.0
2011-10-06,55.0
2011-10-05,46.0
2011-10-04,45.0
2011-10-03,43.0
2011-10-02,43.0
2011-10-01,45.0
2011-09-30,45.0
2011-09-29,40.0
2011-09-28,48.0
2011-09-27,39.0
2011-09-26,41.0
2011-09-25,46.0
2011-09-24,42.0
2011-09-23,43.0
2011-09-22,44.0
2011-09-21,43.0
2011-09-20,39.0
2011-09-19,50.0
2011-09-18,43.0
2011-09-17,45.0
2011-09-16,54.0
2011-09-15,53.0
2011-09-14,51.0
2011-09-13,34.0
2011-09-12,50.0
2011-09-11,47.0
2011-09-10,40.0
2011-09-09,42.0
2011-09-08,48.0
2011-09-07,49.0
2011-09-06,45.0
2011-09-05,45.0
2011-09-04,51.0
2011-09-03,51.0
2011-09-02,48.0
2011-09-01,51.0
2011-08-31,47.0
2011-08-30,52.0
2011-08-29,44.0
2011-08-28,42.0
2011-08-27,56.0
2011-08-26,48.0
2011-08-25,50.0
2011-08-24,62.0
2011-08-23,47.0
2011-08-22,53.0
2011-08-21,48.0
2011-08-20,55.0
2011-08-19,55.0
2011-08-18,43.0
2011-08-17,45.0
2011-08-16,50.0
2011-08-15,49.0
2011-08-14,57.0
2011-08-13,47.0
2011-08-12,63.0
2011-08-11,68.0
2011-08-10,58.0
2011-08-09,61.0
2011-08-08,57.0
2011-08-07,51.0
2011-08-06,60.0
2011-08-05,50.0
2011-08-04,64.0
2011-08-03,55.0
2011-08-02,52.0
2011-08-01,57.0
2011-07-31,52.0
2011-07-30,62.0
2011-07-29,50.0
2011-07-28,59.0
2011-07-27,45.0
2011-07-26,44.0
2011-07-25,45.0
2011-07-24,46.0
2011-07-23,46.0
2011-07-22,46.0
2011-07-21,49.0
2011-07-20,60.0
2011-07-19,44.0
2011-07-18,55.0
2011-07-17,59.0
2011-07-16,55.0
2011-07-15,59.0
2011-07-14,60.0
2011-07-13,53.0
2011-07-12,53.0
2011-07-11,49.0
2011-07-10,53.0
2011-07-09,54.0
2011-07-08,52.0
2011-07-07,61.0
2011-07-06,66.0
2011-07-05,55.0
2011-07-04,53.0
2011-07-03,55.0
2011-07-02,69.0
2011-07-01,70.0
2011-06-30,56.0
2011-06-29,57.0
2011-06-28,49.0
2011-06-27,54.0
2011-06-26,52.0
2011-06-25,54.0
2011-06-24,57.0
2011-06-23,71.0
2011-06-22,71.0
2011-06-21,66.0
2011-06-20,63.0
2011-06-19,46.0
2011-06-18,44.0
2011-06-17,43.0
2011-06-16,39.0
2011-06-15,48.0
2011-06-14,52.0
2011-06-13,59.0
2011-06-12,64.0
2011-06-11,58.0
2011-06-10,50.0
2011-06-09,56.0
2011-06-08,49.0
2011-06-07,49.0
2011-06-06,48.0
2011-06-05,49.0
2011-06-04,57.0
2011-06-03,62.0
2011-06-02,51.0
2011-06-01,39.0
2011-05-31,39.0
2011-05-30,40.0
2011-05-29,41.0
2011-05-28,37.0
2011-05-27,34.0
2011-05-26,41.0
2011-05-25,31.0
2011-05-24,27.0
2011-05-23,32.0
2011-05-22,27.0
2011-05-21,21.0
2011-05-20,21.0
2011-05-19,18.0
2011-05-18,20.0
2011-05-17,21.0
2011-05-16,22.0
2011-05-15,21.0
2011-05-14,28.0
2011-05-13,17.0
2011-05-12,16.0
2011-05-11,18.0
2011-05-10,17.0
2011-05-09,17.0
2011-05-08,21.0
2011-05-07,16.0
2011-05-06,17.0
2011-05-05,15.0
2011-05-04,14.0
2011-05-03,13.0
2011-05-02,17.0
2011-05-01,16.0
2011-04-30,14.0
2011-04-29,15.0
2011-04-28,15.0
2011-04-27,14.0
2011-04-26,23.0
2011-04-25,21.0
2011-04-24,17.0
2011-04-23,22.0
2011-04-22,23.0
2011-04-21,14.0
2011-04-20,13.0
2011-04-19,15.0
2011-04-18,12.0
2011-04-17,13.0
2011-04-16,11.0
2011-04-15,22.0
2011-04-14,25.0
2011-04-13,17.0
2011-04-12,13.0
2011-04-11,11.0
2011-04-10,14.0
2011-04-09,18.0
2011-04-08,12.0
2011-04-07,12.0
2011-04-06,12.0
2011-04-05,9.0
2011-04-04,11.0
2011-04-03,10.0
2011-04-02,11.0
2011-04-01,12.0
2011-03-31,11.0
2011-03-30,12.0
2011-03-29,9.0
2011-03-28,9.0
2011-03-27,8.0
2011-03-26,10.0
2011-03-25,10.0
2011-03-24,18.0
2011-03-23,20.0
2011-03-22,14.0
2011-03-21,21.0
2011-03-20,12.0
2011-03-19,14.0
2011-03-18,29.0
2011-03-17,18.0
2011-03-16,47.0
2011-03-15,21.0
2011-03-14,28.0
2011-03-13,19.0
2011-03-12,24.0
2011-03-11,22.0
2011-03-10,25.0
2011-03-09,25.0
2011-03-08,20.0
2011-03-07,20.0
2011-03-06,15.0
2011-03-05,12.0
2011-03-04,11.0
2011-03-03,13.0
2011-03-02,9.0
2011-03-01,7.0
2011-02-28,7.0
2011-02-27,10.0
2011-02-26,16.0
2011-02-25,17.0
2011-02-24,12.0
2011-02-23,11.0
2011-02-22,8.0
2011-02-21,7.0
2011-02-20,9.0
2011-02-19,9.0
2011-02-18,9.0
2011-02-17,10.0
2011-02-16,10.0
2011-02-15,9.0
2011-02-14,10.0
2011-02-13,9.0
2011-02-12,9.0
2011-02-11,8.0
2011-02-10,10.0
2011-02-09,10.0
2011-02-08,9.0
2011-02-07,10.0
2011-02-06,12.0
2011-02-05,9.0
2011-02-04,5.0
2011-02-03,4.0
2011-02-02,4.0
2011-02-01,4.0
2011-01-31,4.0
2011-01-30,4.0
2011-01-29,5.0
2011-01-28,6.0
2011-01-27,5.0
2011-01-26,12.0
2011-01-25,13.0
2011-01-24,8.0
2011-01-23,6.0
2011-01-22,5.0
2011-01-21,5.0
2011-01-20,6.0
2011-01-19,7.0
2011-01-18,6.0
2011-01-17,8.0
2011-01-16,5.0
2011-01-15,5.0
2011-01-14,5.0
2011-01-13,5.0
2011-01-12,4.0
2011-01-11,5.0
2011-01-10,5.0
2011-01-09,7.0
2011-01-08,6.0
2011-01-07,7.0
2011-01-06,7.0
2011-01-05,8.0
2011-01-04,7.0
2011-01-03,7.0
2011-01-02,6.0
2011-01-01,5.0
2010-12-31,7.0
2010-12-30,8.0
2010-12-29,5.0
2010-12-28,3.0
2010-12-27,3.0
2010-12-26,3.0
2010-12-25,3.0
2010-12-24,3.0
2010-12-23,3.0
2010-12-22,3.0
2010-12-21,4.0
2010-12-20,3.0
2010-12-19,3.0
2010-12-18,3.0
2010-12-17,4.0
2010-12-16,3.0
2010-12-15,5.0
2010-12-14,2.0
2010-12-13,2.0
2010-12-12,2.0
2010-12-11,2.0
2010-12-10,3.0
2010-12-09,4.0
2010-12-08,4.0
2010-12-07,3.0
2010-12-06,2.0
2010-12-05,2.0
2010-12-04,2.0
2010-12-03,2.0
2010-12-02,2.0
2010-12-01,1.0
2010-11-30,1.0
2010-11-29,1.0
2010-11-28,2.0
2010-11-27,2.0
2010-11-26,2.0
2010-11-25,2.0
2010-11-24,2.0
2010-11-23,2.0
2010-11-22,2.0
2010-11-21,7.0
2010-11-20,38.0
2010-11-19,14.0
2010-11-18,2.0
2010-11-17,2.0
2010-11-16,76.0
2010-11-15,107.0
2010-11-14,46.0
2010-11-13,1.0
2010-11-12,1.0
2010-11-11,66.0
2010-11-10,8.0
2010-11-09,1.0
2010-11-08,1.0
2010-11-07,1.0
2010-11-06,1.0
2010-11-05,1.0
2010-11-04,1.0
2010-11-03,1.0
2010-11-02,1.0
2010-11-01,1.0
2010-10-31,1.0
2010-10-30,1.0
2010-10-29,1.0
2010-10-28,1.0
2010-10-27,1.0
2010-10-26,1.0
2010-10-25,1.0
2010-10-24,1.0
2010-10-23,2.0
2010-10-22,2.0
2010-10-21,2.0
2010-10-20,2.0
2010-10-19,2.0
2010-10-18,3.0
2010-10-17,3.0
2010-10-16,2.0
2010-10-15,2.0
2010-10-14,3.0
2010-10-13,1.0
2010-10-12,1.0
2010-10-11,1.0
2010-10-10,1.0
2010-10-09,1.0
2010-10-08,2.0
2010-10-07,2.0
2010-10-06,2.0
2010-10-05,2.0
2010-10-04,2.0
2010-10-03,2.0
2010-10-02,2.0
2010-10-01,2.0
2010-09-30,2.0
2010-09-29,2.0
2010-09-28,3.0
2010-09-27,4.0
2010-09-26,3.0
2010-09-25,2.0
2010-09-24,5.0
2010-09-23,2.0
2010-09-22,2.0
2010-09-21,2.0
2010-09-20,2.0
2010-09-19,2.0
2010-09-18,3.0
2010-09-17,4.0
2010-09-16,3.0
2010-09-15,2.0
2010-09-14,1.0
2010-09-13,1.0
2010-09-12,1.0
2010-09-11,2.0
2010-09-10,2.0
2010-09-09,2.0
2010-09-08,2.0
2010-09-07,1.0
2010-09-06,1.0
2010-09-05,2.0
2010-09-04,2.0
2010-09-03,1.0
2010-09-02,1.0
2010-09-01,1.0
2010-08-31,1.0
2010-08-30,1.0
2010-08-29,1.0
2010-08-28,2.0
2010-08-27,2.0
2010-08-26,2.0
2010-08-25,1.0
2010-08-24,1.0
2010-08-23,1.0
2010-08-22,1.0
2010-08-21,1.0
2010-08-20,1.0
2010-08-19,1.0
2010-08-18,1.0
2010-08-17,1.0
2010-08-16,1.0
2010-08-15,2.0
2010-08-14,2.0
2010-08-13,2.0
2010-08-12,2.0
2010-08-11,2.0
2010-08-10,1.0
2010-08-09,1.0
2010-08-08,2.0
2010-08-07,1.0
2010-08-06,1.0
2010-08-05,1.0
2010-08-04,2.0
2010-08-03,1.0
2010-08-02,2.0
2010-08-01,2.0
2010-07-31,2.0
2010-07-30,1.0
2010-07-29,2.0
2010-07-28,1.0
2010-07-27,1.0
2010-07-26,1.0
2010-07-25,1.0
2010-07-24,19.0
2010-07-23,2.0
2010-07-22,2.0
2010-07-21,1.0
2010-07-20,10.0
2010-07-19,2.0
2010-07-18,2.0
2010-07-17,2.0
2010-07-16,2.0
2010-07-15,3.0
2010-07-14,2.0
2010-07-13,2.0
2010-07-12,2.0
2010-07-11,2.0
2010-07-10,2.0
2010-07-09,9.0
2010-07-08,2.0
2010-07-07,3.0
2010-07-06,1.0
2010-07-05,1.0
2010-07-04,1.0
2010-07-03,1.0
2010-07-02,1.0
2010-07-01,1.0
2010-06-30,1.0
2010-06-29,1.0
2010-06-28,1.0
2010-06-27,1.0
2010-06-26,1.0
2010-06-25,1.0
2010-06-24,1.0
2010-06-23,1.0
2010-06-22,1.0
2010-06-21,1.0
2010-06-20,1.0
2010-06-19,1.0
2010-06-18,1.0
2010-06-17,1.0
2010-06-16,1.0
2010-06-15,1.0
2010-06-14,1.0
2010-06-13,1.0
2010-06-12,1.0
2010-06-11,1.0
2010-06-10,1.0
2010-06-09,1.0
2010-06-08,1.0
2010-06-07,1.0
2010-06-06,1.0
2010-06-05,1.0
2010-06-04,1.0
2010-06-03,1.0
2010-06-02,1.0
2010-06-01,1.0
2010-05-31,1.0
2010-05-30,1.0
2010-05-29,1.0
2010-05-28,1.0
2010-05-27,1.0
2010-05-26,1.0
2010-05-25,1.0
2010-05-24,1.0
2010-05-23,1.0
2010-05-22,1.0
2010-05-21,1.0
2010-05-20,1.0
2010-05-19,1.0
2010-05-18,1.0
2010-05-17,1.0
2010-05-16,1.0
2010-05-15,1.0
2010-05-14,1.0
2010-05-13,1.0
2010-05-12,1.0
2010-05-11,1.0
2010-05-10,1.0
2010-05-09,1.0
2010-05-08,1.0
2010-05-07,1.0
2010-05-06,1.0
2010-05-05,1.0
2010-05-04,1.0
2010-05-03,1.0
2010-05-02,1.0
2010-05-01,1.0
2010-04-30,1.0
2010-04-29,1.0
2010-04-28,1.0
2010-04-27,1.0
2010-04-26,1.0
2010-04-25,1.0
2010-04-24,1.0
2010-04-23,1.0
2010-04-22,1.0
2010-04-21,1.0
2010-04-20,1.0
2010-04-19,1.0
2010-04-18,1.0
2010-04-17,1.0
2010-04-16,1.0
2010-04-15,1.0
2010-04-14,10.0
2010-04-13,5.0
2010-04-12,1.0
2010-04-11,1.0
2010-04-10,1.0
2010-04-09,1.0
2010-04-08,1.0
2010-04-07,1.0
2010-04-06,1.0
2010-04-05,1.0
2010-04-04,1.0
2010-04-03,1.0
2010-04-02,1.0
2010-04-01,1.0
2010-03-31,1.0
2010-03-30,1.0
2010-03-29,1.0
2010-03-28,1.0
2010-03-27,1.0
2010-03-26,1.0
2010-03-25,1.0
2010-03-24,1.0
2010-03-23,1.0
2010-03-22,1.0
2010-03-21,1.0
2010-03-20,1.0
2010-03-19,1.0
2010-03-18,1.0
2010-03-17,1.0
2010-03-16,1.0
2010-03-15,1.0
2010-03-14,1.0
2010-03-13,1.0
2010-03-12,1.0
2010-03-11,1.0
2010-03-10,1.0
2010-03-09,1.0
2010-03-08,1.0
2010-03-07,1.0
2010-03-06,1.0
2010-03-05,1.0
2010-03-04,1.0
2010-03-03,1.0
2010-03-02,1.0
2010-03-01,1.0
2010-02-28,1.0
2010-02-27,1.0
2010-02-26,1.0
2010-02-25,1.0
2010-02-24,1.0
2010-02-23,1.0
2010-02-22,1.0
2010-02-21,1.0
2010-02-20,1.0
2010-02-19,1.0
2010-02-18,1.0
2010-02-17,1.0
2010-02-16,1.0
2010-02-15,1.0
2010-02-14,1.0
2010-02-13,1.0
2010-02-12,1.0
2010-02-11,1.0
2010-02-10,1.0
2010-02-09,1.0
2010-02-08,1.0
2010-02-07,1.0
2010-02-06,1.0
2010-02-05,1.0
2010-02-04,1.0
2010-02-03,1.0
2010-02-02,1.0
2010-02-01,1.0
2010-01-31,1.0
2010-01-30,1.0
2010-01-29,1.0
2010-01-28,1.0
2010-01-27,1.0
2010-01-26,1.0
2010-01-25,1.0
2010-01-24,1.0
2010-01-23,1.0
2010-01-22,1.0
2010-01-21,1.0
2010-01-20,1.0
2010-01-19,1.0
2010-01-18,1.0
2010-01-17,1.0
2010-01-16,1.0
2010-01-15,1.0
2010-01-14,1.0
2010-01-13,1.0
2010-01-12,1.0
2010-01-11,1.0
2010-01-10,1.0
2010-01-09,1.0
2010-01-08,1.0
2010-01-07,1.0
2010-01-06,1.0
2010-01-05,1.0
2010-01-04,1.0
2010-01-03,1.0
2010-01-02,1.0
2010-01-01,1.0
2009-12-31,1.0
2009-12-30,1.0
2009-12-29,1.0
2009-12-28,1.0
2009-12-27,1.0
2009-12-26,1.0
2009-12-25,1.0
2009-12-24,1.0
2009-12-23,1.0
2009-12-22,1.0
2009-12-21,1.0
2009-12-20,1.0
2009-12-19,1.0
2009-12-18,1.0
2009-12-17,1.0
2009-12-16,1.0
2009-12-15,1.0
2009-12-14,1.0
2009-12-13,1.0
2009-12-12,1.0
2009-12-11,1.0
2009-12-10,1.0
2009-12-09,1.0
2009-12-08,1.0
2009-12-07,1.0
2009-12-06,1.0
2009-12-05,1.0
2009-12-04,1.0
2009-12-03,1.0
2009-12-02,1.0
2009-12-01,1.0
2009-11-30,1.0
2009-11-29,1.0
2009-11-28,1.0
2009-11-27,1.0
2009-11-26,1.0
2009-11-25,1.0
2009-11-24,1.0
2009-11-23,1.0
2009-11-22,1.0
2009-11-21,1.0
2009-11-20,1.0
2009-11-19,1.0
2009-11-18,1.0
2009-11-17,1.0
2009-11-16,1.0
2009-11-15,1.0
2009-11-14,1.0
2009-11-13,1.0
2009-11-12,1.0
2009-11-11,1.0
2009-11-10,1.0
2009-11-09,1.0
2009-11-08,1.0
2009-11-07,1.0
2009-11-06,1.0
2009-11-05,1.0
2009-11-04,1.0
2009-11-03,1.0
2009-11-02,1.0
2009-11-01,1.0
2009-10-31,1.0
2009-10-30,1.0
2009-10-29,1.0
2009-10-28,1.0
2009-10-27,1.0
2009-10-26,1.0
2009-10-25,1.0
2009-10-24,1.0
2009-10-23,1.0
2009-10-22,1.0
2009-10-21,1.0
2009-10-20,1.0
2009-10-19,1.0
2009-10-18,1.0
2009-10-17,1.0
2009-10-16,1.0
2009-10-15,1.0
2009-10-14,1.0
2009-10-13,1.0
2009-10-12,1.0
2009-10-11,1.0
2009-10-10,1.0
2009-10-09,1.0
2009-10-08,1.0
2009-10-07,1.0
2009-10-06,1.0
2009-10-05,1.0
2009-10-04,1.0
2009-10-03,1.0
2009-10-02,1.0
2009-10-01,1.0
2009-09-30,1.0
2009-09-29,1.0
2009-09-28,1.0
2009-09-27,1.0
2009-09-26,1.0
2009-09-25,1.0
2009-09-24,1.0
2009-09-23,1.0
2009-09-22,1.0
2009-09-21,1.0
2009-09-20,1.0
2009-09-19,1.0
2009-09-18,1.0
2009-09-17,1.0
2009-09-16,1.0
2009-09-15,1.0
2009-09-14,1.0
2009-09-13,1.0
2009-09-12,1.0
2009-09-11,1.0
2009-09-10,1.0
2009-09-09,1.0
2009-09-08,1.0
2009-09-07,1.0
2009-09-06,1.0
2009-09-05,1.0
2009-09-04,1.0
2009-09-03,1.0
2009-09-02,1.0
2009-09-01,1.0
2009-08-31,1.0
2009-08-30,1.0
2009-08-29,1.0
2009-08-28,1.0
2009-08-27,1.0
2009-08-26,1.0
2009-08-25,1.0
2009-08-24,1.0
2009-08-23,1.0
2009-08-22,1.0
2009-08-21,1.0
2009-08-20,1.0
2009-08-19,1.0
2009-08-18,1.0
2009-08-17,1.0
2009-08-16,1.0
2009-08-15,1.0
2009-08-14,1.0
2009-08-13,1.0
2009-08-12,1.0
2009-08-11,1.0
2009-08-10,1.0
2009-08-09,1.0
2009-08-08,1.0
2009-08-07,1.0
2009-08-06,1.0
2009-08-05,1.0
2009-08-04,1.0
2009-08-03,1.0
2009-08-02,1.0
2009-08-01,1.0
2009-07-31,1.0
2009-07-30,1.0
2009-07-29,1.0
2009-07-28,1.0
2009-07-27,1.0
2009-07-26,1.0
2009-07-25,1.0
2009-07-24,1.0
2009-07-23,1.0
2009-07-22,1.0
2009-07-21,1.0
2009-07-20,1.0
2009-07-19,1.0
2009-07-18,1.0
2009-07-17,1.0
2009-07-16,1.0
2009-07-15,1.0
2009-07-14,1.0
2009-07-13,1.0
2009-07-12,1.0
2009-07-11,1.0
2009-07-10,1.0
2009-07-09,1.0
2009-07-08,1.0
2009-07-07,1.0
2009-07-06,1.0
2009-07-05,1.0
2009-07-04,1.0
2009-07-03,1.0
2009-07-02,1.0
2009-07-01,1.0
2009-06-30,1.0
2009-06-29,1.0
2009-06-28,1.0
2009-06-27,1.0
2009-06-26,1.0
2009-06-25,1.0
2009-06-24,1.0
2009-06-23,1.0
2009-06-22,1.0
2009-06-21,1.0
2009-06-20,1.0
2009-06-19,1.0
2009-06-18,1.0
2009-06-17,1.0
2009-06-16,1.0
2009-06-15,1.0
2009-06-14,1.0
2009-06-13,1.0
2009-06-12,1.0
2009-06-11,1.0
2009-06-10,1.0
2009-06-09,1.0
2009-06-08,1.0
2009-06-07,1.0
2009-06-06,1.0
2009-06-05,1.0
2009-06-04,1.0
2009-06-03,1.0
2009-06-02,1.0
2009-06-01,1.0
2009-05-31,1.0
2009-05-30,1.0
2009-05-29,1.0
2009-05-28,1.0
2009-05-27,1.0
2009-05-26,1.0
2009-05-25,1.0
2009-05-24,1.0
2009-05-23,1.0
2009-05-22,1.0
2009-05-21,1.0
2009-05-20,1.0
2009-05-19,1.0
2009-05-18,1.0
2009-05-17,1.0
2009-05-16,1.0
2009-05-15,1.0
2009-05-14,1.0
2009-05-13,1.0
2009-05-12,1.0
2009-05-11,1.0
2009-05-10,1.0
2009-05-09,1.0
2009-05-08,1.0
2009-05-07,1.0
2009-05-06,1.0
2009-05-05,1.0
2009-05-04,1.0
2009-05-03,1.0
2009-05-02,1.0
2009-05-01,1.0
2009-04-30,1.0
2009-04-29,1.0
2009-04-28,1.0
2009-04-27,1.0
2009-04-26,1.0
2009-04-25,1.0
2009-04-24,1.0
2009-04-23,1.0
2009-04-22,1.0
2009-04-21,1.0
2009-04-20,1.0
2009-04-19,1.0
2009-04-18,1.0
2009-04-17,1.0
2009-04-16,1.0
2009-04-15,1.0
2009-04-14,1.0
2009-04-13,1.0
2009-04-12,1.0
2009-04-11,1.0
2009-04-10,1.0
2009-04-09,1.0
2009-04-08,1.0
2009-04-07,1.0
2009-04-06,1.0
2009-04-05,1.0
2009-04-04,1.0
2009-04-03,1.0
2009-04-02,1.0
2009-04-01,1.0
2009-03-31,1.0
2009-03-30,1.0
2009-03-29,1.0
2009-03-28,1.0
2009-03-27,1.0
2009-03-26,1.0
2009-03-25,1.0
2009-03-24,1.0
2009-03-23,1.0
2009-03-22,1.0
2009-03-21,1.0
2009-03-20,1.0
2009-03-19,1.0
2009-03-18,1.0
2009-03-17,1.0
2009-03-16,1.0
2009-03-15,1.0
2009-03-14,1.0
2009-03-13,1.0
2009-03-12,1.0
2009-03-11,1.0
2009-03-10,1.0
2009-03-09,1.0
2009-03-08,1.0
2009-03-07,1.0
2009-03-06,1.0
2009-03-05,1.0
2009-03-04,1.0
2009-03-03,1.0
2009-03-02,1.0
2009-03-01,1.0
2009-02-28,1.0
2009-02-27,1.0
2009-02-26,1.0
2009-02-25,1.0
2009-02-24,1.0
2009-02-23,1.0
2009-02-22,1.0
2009-02-21,1.0
2009-02-20,1.0
2009-02-19,1.0
2009-02-18,1.0
2009-02-17,1.0
2009-02-16,1.0
2009-02-15,1.0
2009-02-14,1.0
2009-02-13,1.0
2009-02-12,1.0
2009-02-11,1.0
2009-02-10,1.0
2009-02-09,1.0
2009-02-08,1.0
2009-02-07,1.0
2009-02-06,1.0
2009-02-05,1.0
2009-02-04,1.0
2009-02-03,1.0
2009-02-02,1.0
2009-02-01,1.0
2009-01-31,1.0
2009-01-30,1.0
2009-01-29,1.0
2009-01-28,1.0
2009-01-27,1.0
2009-01-26,1.0
2009-01-25,1.0
2009-01-24,1.0
2009-01-23,1.0
2009-01-22,1.0
2009-01-21,1.0
2009-01-20,1.0
2009-01-19,1.0
2009-01-18,1.0
2009-01-17,1.0
2009-01-16,1.0
2009-01-15,1.0
2009-01-14,1.0
2009-01-13,1.0
2009-01-12,1.0
2009-01-11,1.0
2009-01-10,1.0
2009-01-09,1.0
2009-01-08,1.0
2009-01-07,1.0
2009-01-06,1.0
2009-01-05,1.0
2009-01-04,1.0
2009-01-03,1.0
